tree_ID,meas_seq,Site,Col,Row,Rep,Blk,Seedlot,Tree,HT3,Dam3,HT6,Dam6,Comment6,HT10,Dam10,Comment10
1070,1070,Cran,17,46,5,2,348,2,28,,37,,,94,a,
1072,1072,Cran,17,48,5,2,348,4,29,,36,,,61,a,
3502,3502,Cran,55,62,7,12,348,2,29,,63,,,121,,
755,755,Cran,12,14,1,6,348,2,32,,46,,,98,a,
1118,1118,Cran,18,35,4,12,348,3,34,,51,,,118,a,
334,334,Cran,6,51,6,1,348,3,34,,65,,,135,,
1071,1071,Cran,17,47,5,2,348,3,35,,57,,,122,a,
1069,1069,Cran,17,45,5,2,348,1,36,,49,,,70,a,
2293,2293,Cran,36,28,3,9,348,4,37,,49,,,63,a,
754,754,Cran,12,15,1,6,348,3,37,,64,,,125,a,
753,753,Cran,12,16,1,6,348,4,37,,74,,,197,,
3504,3504,Cran,55,64,7,12,348,4,38,,55,,,119,a,
1120,1120,Cran,18,33,4,12,348,1,39,,51,,,73,a,
3501,3501,Cran,55,61,7,12,348,1,39,,67,,,152,a,
1119,1119,Cran,18,34,4,12,348,2,42,,55,,,123,,
2312,2312,Cran,37,24,2,15,348,4,42,,69,,,129,a,
756,756,Cran,12,13,1,6,348,1,42,,66,,,147,a,
1117,1117,Cran,18,36,4,12,348,4,43,,64,,,128,a,
3503,3503,Cran,55,63,7,12,348,3,44,,61,,,122,a,
2296,2296,Cran,36,25,3,9,348,1,44,,91,,,161,a,
333,333,Cran,6,52,6,1,348,4,44,,71,,,173,a,
2311,2311,Cran,37,23,2,15,348,3,45,,70,,,138,a,
2310,2310,Cran,37,22,2,15,348,2,46,,67,,,125,a,
3656,3656,Cran,58,73,8,15,348,1,46,,70,,,127,,
2295,2295,Cran,36,26,3,9,348,2,46,,69,,,142,,
3653,3653,Cran,58,76,8,15,348,4,47,,67,,,154,a,
3654,3654,Cran,58,75,8,15,348,3,48,,71,,,151,a,
2294,2294,Cran,36,27,3,9,348,3,54,,67,,,110,a,
335,335,Cran,6,50,6,1,348,2,54,,81,,,162,a,
2309,2309,Cran,37,21,2,15,348,1,54,,91,,,174,,
336,336,Cran,6,49,6,1,348,1,56,,84,,,202,a,
3655,3655,Cran,58,74,8,15,348,2,59,,80,,,180,,
5163,1067,Dunc,16,94,5,15,348,2,33,,91,k,,126,,
5004,908,Dunc,14,53,4,5,348,1,37,,68,,,,,
5162,1066,Dunc,16,95,5,15,348,3,47,,61,d,,112,,
5161,1065,Dunc,16,96,5,15,348,4,58,,114,,,183,,
4230,134,Dunc,3,122,6,1,348,2,63,,86,,,129,,
4120,24,Dunc,1,108,8,1,348,4,65,,112,,,145,,
5280,1184,Dunc,17,88,1,2,348,4,65,,104,,,,,
7637,3541,Dunc,36,28,7,16,348,4,66,,118,,,,,
6544,2448,Dunc,28,65,3,11,348,1,67,,,,,,,
4118,22,Dunc,1,106,8,1,348,2,67,,99,,,,,
7638,3542,Dunc,36,27,7,16,348,3,68,,,,,,,
4119,23,Dunc,1,107,8,1,348,3,68,,,,,,,
5002,906,Dunc,14,55,4,5,348,3,69,,111,,,174,,
6124,2028,Dunc,25,44,2,15,348,4,69,,95,,,268,,
4232,136,Dunc,3,124,6,1,348,4,69,,,,,,,
5277,1181,Dunc,17,85,1,2,348,1,75,,131,,,169,,
4229,133,Dunc,3,121,6,1,348,1,76,,122,,,194,,
4117,21,Dunc,1,105,8,1,348,1,76,,119,,,,,
5164,1068,Dunc,16,93,5,15,348,1,80,,140,,,221,,
6543,2447,Dunc,28,66,3,11,348,2,83,,,,,,,
7639,3543,Dunc,36,26,7,16,348,2,86,,120,,,210,,
7640,3544,Dunc,36,25,7,16,348,1,88,,,,,,,
5278,1182,Dunc,17,86,1,2,348,2,92,,134,,,,,
6541,2445,Dunc,28,68,3,11,348,4,94,,191,,,288,,
6123,2027,Dunc,25,43,2,15,348,3,116,,178,,,271,,
6122,2026,Dunc,25,42,2,15,348,2,,,,,,,,
5279,1183,Dunc,17,87,1,2,348,3,36,d,,,,,,
5003,907,Dunc,14,54,4,5,348,2,31,k,62,,,,,
4231,135,Dunc,3,123,6,1,348,3,48,k,,,,,,
5001,905,Dunc,14,56,4,5,348,4,53,k,90,,,,,
6121,2025,Dunc,25,41,2,15,348,1,59,k,,,,,,
6542,2446,Dunc,28,67,3,11,348,3,71,k,162,,,246,,
10367,2175,Ftne,26,18,2,5,348,2,30,,102,,,215,,
8414,222,Ftne,3,54,5,9,348,2,36,,61,,,90,,
10309,2117,Ftne,26,76,8,16,348,4,38,,99,,,243,,
10212,2020,Ftne,25,4,3,7,348,4,39,,80,,,181,,
10311,2119,Ftne,26,74,8,16,348,2,46,,105,,,269,,
8413,221,Ftne,3,53,5,9,348,1,47,,69,,,150,,
11386,3194,Ftne,38,55,6,7,348,3,47,,89,,,192,,
8893,701,Ftne,9,29,7,12,348,1,50,,130,,,200,,
9334,1142,Ftne,14,35,4,4,348,3,50,,115,,,235,,
9333,1141,Ftne,14,36,4,4,348,4,50,,116,,,240,,
8895,703,Ftne,9,31,7,12,348,3,53,,109,,,150,,
10120,1928,Ftne,23,80,1,15,348,4,53,,112,,,254,,
9335,1143,Ftne,14,34,4,4,348,2,55,,130,,,237,,
10312,2120,Ftne,26,73,8,16,348,1,58,,120,,,283,,
11388,3196,Ftne,38,53,6,7,348,1,60,,104,k,,208,,
10209,2017,Ftne,25,1,3,7,348,1,60,,116,k,,220,,
10119,1927,Ftne,23,79,1,15,348,3,62,,110,,,225,,
10118,1926,Ftne,23,78,1,15,348,2,65,,131,k,,212,,
10365,2173,Ftne,26,20,2,5,348,4,65,,126,,,274,,
10117,1925,Ftne,23,77,1,15,348,1,75,,147,,,256,,
8896,704,Ftne,9,32,7,12,348,4,76,,126,,,221,,
10211,2019,Ftne,25,3,3,7,348,3,40,c,57,,,131,,
10366,2174,Ftne,26,19,2,5,348,3,25,d,89,,,147,,
11385,3193,Ftne,38,56,6,7,348,4,36,d,96,,,175,,
10210,2018,Ftne,25,2,3,7,348,2,31,k,96,,,221,,
11387,3195,Ftne,38,54,6,7,348,2,46,k,84,k,,152,,
10310,2118,Ftne,26,75,8,16,348,3,51,k,103,,,211,,
8416,224,Ftne,3,56,5,9,348,4,55,k,143,,,287,,
8415,223,Ftne,3,55,5,9,348,3,42,ll,112,,,201,,
8894,702,Ftne,9,30,7,12,348,2,52,ll,99,k,,187,,
10368,2176,Ftne,26,17,2,5,348,1,34,t,84,,,90,,
9336,1144,Ftne,14,33,4,4,348,1,33,t ll,115,,,186,,
13093,773,Harr,15,13,8,5,348,1,41,,120,,,289,,
13095,775,Harr,15,15,8,5,348,3,47,,114,,,251,,
15460,3140,Harr,46,61,3,6,348,1,49,,138,,,208,,
15457,3137,Harr,46,64,3,6,348,4,49,,128,,,245,,
15470,3150,Harr,46,51,6,9,348,3,52,,132,,,220,,
13094,774,Harr,15,14,8,5,348,2,54,,128,,,192,,
15459,3139,Harr,46,62,3,6,348,2,57,,158,,,246,,
14811,2491,Harr,37,71,5,6,348,3,57,,154,,,314,,
14775,2455,Harr,37,35,7,13,348,3,58,,138,k,,210,,
14812,2492,Harr,37,72,5,6,348,4,58,,152,,,288,,
15068,2748,Harr,41,24,2,3,348,4,60,,155,,,274,,
15670,3350,Harr,48,11,4,15,348,3,63,,151,,,244,,
14810,2490,Harr,37,70,5,6,348,2,66,,132,,,258,,
15669,3349,Harr,48,12,4,15,348,4,68,,201,,,351,,
14773,2453,Harr,37,33,7,13,348,1,70,,135,,,188,,
15065,2745,Harr,41,21,2,3,348,1,70,,144,,,224,,
15671,3351,Harr,48,10,4,15,348,2,70,,182,,,321,,
15474,3154,Harr,46,47,1,16,348,3,71,,153,,,270,,
15469,3149,Harr,46,52,6,9,348,4,72,,146,,,221,,
15471,3151,Harr,46,50,6,9,348,2,72,,155,,,228,,
13096,776,Harr,15,16,8,5,348,4,76,,167,,,317,,
14809,2489,Harr,37,69,5,6,348,1,79,,181,,,308,,
15458,3138,Harr,46,63,3,6,348,3,79,,170,,,312,,
15472,3152,Harr,46,49,6,9,348,1,82,,162,,,230,,
15475,3155,Harr,46,46,1,16,348,2,86,,141,,,251,,
14776,2456,Harr,37,36,7,13,348,4,86,,211,,,280,,
15067,2747,Harr,41,23,2,3,348,3,88,,155,,,275,,
15672,3352,Harr,48,9,4,15,348,1,100,,220,,,355,,
15476,3156,Harr,46,45,1,16,348,1,101,,223,,,321,b,
15066,2746,Harr,41,22,2,3,348,2,125,,228,,,358,,
14774,2454,Harr,37,34,7,13,348,2,60,k,140,k,,201,k,
15473,3153,Harr,46,48,1,16,348,4,61,k,163,,,248,,
20144,3632,High,114,17,7,16,348,2,16,,23,k d,,48,1,
18372,1860,High,59,4,5,13,348,3,24,,26,k d,,52,1 kd,
20177,3665,High,115,17,7,16,348,3,,,,,,,3,
20208,3696,High,116,17,7,16,348,4,,,,,,,3,
19932,3420,High,107,28,8,7,348,3,,,,,,,3,
16910,398,High,13,14,6,11,348,1,3,d,17,k d,,48,1 k,
19941,3429,High,108,28,8,7,348,4,18,d,10,k d,,20,1 d,
19432,2920,High,92,25,4,10,348,4,18,d,27,k d,,,3,
17670,1158,High,37,6,2,8,348,1,23,d,17,k d,,34,1 dk,
18929,2417,High,76,16,1,1,348,4,23,d,31,k d,,58,1,
19417,2905,High,91,25,4,10,348,3,26,d,19,k d,,44,1 dk,
18865,2353,High,74,16,1,1,348,2,21,d c,,,,,3,
20113,3601,High,113,17,7,16,348,1,26,d c,,,,,3,
19868,3356,High,105,28,8,7,348,1,16,d f,20,d k,,38,1 dk,
18896,2384,High,75,16,1,1,348,3,22,d f,33,k d,,,3,
17455,943,High,30,18,3,15,348,2,22,d f,31,k d,,,3,
17787,1275,High,40,6,2,8,348,4,23,d f,,,,,3,
16974,462,High,15,14,6,11,348,3,25,d f,,,,,3,
18365,1853,High,58,4,5,13,348,2,27,d f,13,k d,,18,1 kd,
18832,2320,High,73,16,1,1,348,1,27,d f,28,k d,,34,1 k,
19368,2856,High,90,25,4,10,348,2,27,d f,39,k d,,36,1 kd,
19353,2841,High,89,25,4,10,348,1,27,d f,21,k d,,,3,
16947,435,High,14,14,6,11,348,2,31,d f,10,k d,,,3,
18429,1917,High,60,4,5,13,348,4,26,f,18,k d,,24,1 kd,
19877,3365,High,106,28,8,7,348,2,26,f,,,,,3,
17490,978,High,31,18,3,15,348,3,27,f,41,k,,,3,
17734,1222,High,39,6,2,8,348,3,31,f,27,k d,,42,1 kd,
17723,1211,High,38,6,2,8,348,2,31,f,13,k d,,,3,
18308,1796,High,57,4,5,13,348,1,33,f,,,,,3,
17426,914,High,29,18,3,15,348,1,34,f,12,k d,,,3,
17519,1007,High,32,18,3,15,348,4,34,f,,,,,3,
17011,499,High,16,14,6,11,348,4,37,f,,,,,3,
23897,3289,Jord,13,10,4,7,348,3,38,,84,,,129,,
21527,919,Jord,6,39,1,16,348,1,42,,82,,,135,,
22772,2164,Jord,64,24,2,1,348,1,42,,84,,,136,,
23896,3288,Jord,12,10,4,7,348,2,46,,72,,,146,,
20806,198,Jord,55,47,7,10,348,1,47,,95,c,,111,c,
23511,2903,Jord,38,15,5,6,348,3,50,,124,,,171,,
23898,3290,Jord,14,10,4,7,348,4,52,,109,,,163,,
20804,196,Jord,57,47,7,10,348,2,54,,116,,,218,,
20803,195,Jord,58,47,7,10,348,1,55,,155,,,272,,
24510,3902,Jord,47,3,3,7,348,4,55,,,,,,,
21528,920,Jord,5,39,1,16,348,2,56,,90,,,186,,
22066,1458,Jord,30,32,6,1,348,3,59,,122,,,200,,
21529,921,Jord,4,39,1,16,348,3,60,,121,,,211,,
24507,3899,Jord,50,3,3,7,348,1,62,,127,,,244,,
24509,3901,Jord,48,3,3,7,348,3,64,,168,,,240,,
22775,2167,Jord,67,24,2,1,348,3,64,,143,,,265,,
22776,2168,Jord,68,24,2,1,348,4,65,,134,,,190,,
22774,2166,Jord,66,24,2,1,348,2,65,,136,,,220,,
21530,922,Jord,3,39,1,16,348,4,65,,143,,,268,,
23895,3287,Jord,11,10,4,7,348,1,67,,117,,,214,,
22065,1457,Jord,29,32,6,1,348,2,67,,167,,,282,,
22604,1996,Jord,64,26,8,16,348,3,69,,167,,,250,,
23509,2901,Jord,40,15,5,6,348,1,70,,161,,,238,,
23510,2902,Jord,39,15,5,6,348,2,71,,151,,,208,,
20807,199,Jord,54,47,7,10,348,2,71,,164,,,237,,
22067,1459,Jord,31,32,6,1,348,4,74,,148,,,215,,
22605,1997,Jord,65,26,8,16,348,4,76,,163,,,218,,
22476,1868,Jord,65,27,8,16,348,1,82,,140,,,226,,
24508,3900,Jord,49,3,3,7,348,2,82,,197,,,277,,
22477,1869,Jord,64,27,8,16,348,2,91,,177,,,264,,
22064,1456,Jord,28,32,6,1,348,1,94,,168,,,230,,
23512,2904,Jord,37,15,5,6,348,4,,,,,,,,
28166,3442,Kala,11,42,2,3,348,2,33,,67,,,132,,
25109,385,Kala,52,8,4,14,348,4,33,,,,,,,
28325,3601,Kala,9,65,8,6,348,1,36,,81,,,163,,
24925,201,Kala,54,56,5,14,348,4,36,,,,,,,
28167,3443,Kala,11,43,2,3,348,3,38,,54,,,111,,
25111,387,Kala,52,6,4,14,348,2,39,,67,,,84,,
28782,4058,Kala,2,19,6,1,348,3,39,,49,,,,,
24926,202,Kala,54,55,5,14,348,3,40,,,,,,,
28168,3444,Kala,11,44,2,3,348,4,41,,66,,,,,
28326,3602,Kala,9,66,8,6,348,2,43,,84,,,146,,
25775,1051,Kala,42,58,3,16,348,2,45,,61,,,125,,
27079,2355,Kala,26,34,1,15,348,2,45,,,,,,,
24927,203,Kala,54,54,5,14,348,2,46,,,,,,,
28783,4059,Kala,2,18,6,1,348,2,48,,61,,,84,,
25776,1052,Kala,42,57,3,16,348,1,48,,41,w,,,,
28328,3604,Kala,9,68,8,6,348,4,49,,77,,,150,i,
25110,386,Kala,52,7,4,14,348,3,49,,73,,,,,
28327,3603,Kala,9,67,8,6,348,3,52,,90,,,202,,
27080,2356,Kala,26,33,1,15,348,1,52,,,,,,,
24928,204,Kala,54,53,5,14,348,1,52,,,,,,,
25774,1050,Kala,42,59,3,16,348,3,53,,43,w,,,,
28784,4060,Kala,2,17,6,1,348,1,61,,78,,,139,t,
25112,388,Kala,52,5,4,14,348,1,62,,113,,,,,
28165,3441,Kala,11,41,2,3,348,1,63,,89,k,,,,
26809,2085,Kala,29,17,7,2,348,1,68,,67,w,,,,
26812,2088,Kala,29,20,7,2,348,4,68,,47,w,,,,
26811,2087,Kala,29,19,7,2,348,3,69,,,,,,,
27077,2353,Kala,26,36,1,15,348,4,,,,,,,,
25773,1049,Kala,42,60,3,16,348,4,,,,,,,,
27078,2354,Kala,26,35,1,15,348,3,17,d,,,,,,
26810,2086,Kala,29,18,7,2,348,2,43,t,43,w,,,,
28781,4057,Kala,2,20,6,1,348,4,67,t,107,,,153,,
30959,2151,Mayo,34,26,1,10,348,2,,,,,,,,
30960,2152,Mayo,34,25,1,10,348,1,,,,,,,,
31489,2681,Mayo,42,8,2,4,348,4,,,,,,,,
31490,2682,Mayo,42,7,2,4,348,3,,,,,,,,
31491,2683,Mayo,42,6,2,4,348,2,,,,,,,,
32453,3645,Mayo,57,61,3,11,348,1,,,,,,,,
32454,3646,Mayo,57,62,3,11,348,2,,,,,,,,
32456,3648,Mayo,57,64,3,11,348,4,,,,,,,,
32353,3545,Mayo,56,40,6,1,348,4,,,,,,,,
32354,3546,Mayo,56,39,6,1,348,3,,,,,,,,
32355,3547,Mayo,56,38,6,1,348,2,,,,,,,,
30521,1713,Mayo,27,49,7,12,348,1,,,,,,,,
30522,1714,Mayo,27,50,7,12,348,2,,,,,,,,
30524,1716,Mayo,27,52,7,12,348,4,,,,,,,,
32733,3925,Mayo,62,44,8,4,348,4,,,,,,,,
32735,3927,Mayo,62,42,8,4,348,2,,,,,,,,
32736,3928,Mayo,62,41,8,4,348,1,,,,,,,,
31136,2328,Mayo,37,24,4,12,348,4,4,d,,,,,,
32356,3548,Mayo,56,37,6,1,348,1,4,d,,,,,,
31135,2327,Mayo,37,23,4,12,348,3,5,d,,,,,,
29973,1165,Mayo,19,13,5,14,348,1,5,d,,,,,,
29975,1167,Mayo,19,15,5,14,348,3,5,d,,,,,,
30523,1715,Mayo,27,51,7,12,348,3,5,d,,,,,,
31133,2325,Mayo,37,21,4,12,348,1,6,d,,,,,,
31134,2326,Mayo,37,22,4,12,348,2,6,d,,,,,,
32455,3647,Mayo,57,63,3,11,348,3,7,d,12,d,,12,,
29974,1166,Mayo,19,14,5,14,348,2,8,d,8,d,,17,,
30957,2149,Mayo,34,28,1,10,348,4,8,d,,,,,,
29976,1168,Mayo,19,16,5,14,348,4,9,d,8,d,,8,,
31492,2684,Mayo,42,5,2,4,348,1,9,d,,,,10,ck d,
30958,2150,Mayo,34,27,1,10,348,3,9,d,,,,,,
32734,3926,Mayo,62,43,8,4,348,3,13,d,,,,,,
33563,659,Naku,9,19,1,11,348,3,35,,,,,,,
34019,1115,Naku,14,6,5,12,348,2,39,,57,,,,,
34018,1114,Naku,14,7,5,12,348,3,43,,57,,,,,
33564,660,Naku,9,20,1,11,348,4,50,,75,,,132,,
36228,3324,Naku,43,36,3,8,348,4,50,,85,,,153,,
33561,657,Naku,9,17,1,11,348,1,55,,67,,,116,,
36250,3346,Naku,43,58,2,2,348,2,55,,101,,,184,,
36227,3323,Naku,43,35,3,8,348,3,55,,99,,,,,
36251,3347,Naku,43,59,2,2,348,3,56,,110,,,136,,
34017,1113,Naku,14,8,5,12,348,4,56,,78,,,,,
34020,1116,Naku,14,5,5,12,348,1,59,,70,,,100,w,
33612,708,Naku,9,68,4,6,348,4,59,,87,,,124,,
36952,4048,Naku,55,72,8,3,348,4,60,,115,,,,,
36950,4046,Naku,55,70,8,3,348,2,61,,115,,,,,
33562,658,Naku,9,18,1,11,348,2,62,,89,,,122,,
33609,705,Naku,9,65,4,6,348,1,62,,103,,,157,,
33611,707,Naku,9,67,4,6,348,3,63,,86,,,142,,
36225,3321,Naku,43,33,3,8,348,1,64,,,,,,,
35008,2104,Naku,27,32,6,15,348,4,65,,97,,,,,
33610,706,Naku,9,66,4,6,348,2,66,,96,,,180,,
33276,372,Naku,5,52,7,3,348,4,66,,,,,,,
36249,3345,Naku,43,57,2,2,348,1,69,,119,,,220,,
33275,371,Naku,5,51,7,3,348,3,70,,,,,,,
35007,2103,Naku,27,31,6,15,348,3,71,,102,,,138,,
36951,4047,Naku,55,71,8,3,348,3,71,,143,,,240,,
35005,2101,Naku,27,29,6,15,348,1,72,,,,,,,
35006,2102,Naku,27,30,6,15,348,2,74,,,,,,,
33274,370,Naku,5,50,7,3,348,2,75,,111,,,188,,
33273,369,Naku,5,49,7,3,348,1,111,,,,,,,
36226,3322,Naku,43,34,3,8,348,2,,,,,,,,
36949,4045,Naku,55,69,8,3,348,1,,,,,,,,
36252,3348,Naku,43,60,2,2,348,4,39,k,105,,,,,
37942,942,Pars,83,8,4,12,348,3,16,,74,c,chk prev,,,chk
40070,3070,Pars,3,24,7,14,348,3,22,,72,,,191,,
37292,292,Pars,36,3,3,10,348,4,32,,63,,,144,,
37290,290,Pars,34,3,3,10,348,2,33,,67,,,160,,
40998,3998,Pars,99,32,1,15,348,3,40,,64,,,150,,
38561,1561,Pars,25,13,8,11,348,1,40,,45,c d,poor,,,
38562,1562,Pars,26,13,8,11,348,2,42,,68,,,128,,
38563,1563,Pars,27,13,8,11,348,3,42,,72,,,168,,
40200,3200,Pars,128,25,6,7,348,4,42,,100,,,198,,
38564,1564,Pars,28,13,8,11,348,4,45,,98,,,258,,
40997,3997,Pars,100,32,1,15,348,4,47,,74,,,217,,
38608,1608,Pars,72,13,2,15,348,4,53,,97,,,231,,
37943,943,Pars,82,8,4,12,348,2,53,,43,c d,poor,,,
37944,944,Pars,81,8,4,12,348,1,56,,75,d,,127,,
38076,1076,Pars,52,9,5,11,348,4,56,,86,,,148,,
40198,3198,Pars,126,25,6,7,348,2,56,,109,,,305,,
37289,289,Pars,33,3,3,10,348,1,57,,78,,,187,,
38607,1607,Pars,71,13,2,15,348,3,57,,78,w,,201,k,
40999,3999,Pars,98,32,1,15,348,2,57,,100,,,218,,
40071,3071,Pars,2,24,7,14,348,2,57,,114,,,304,,
38605,1605,Pars,69,13,2,15,348,1,58,,184,,,328,,
38606,1606,Pars,70,13,2,15,348,2,59,,114,,,251,,
38074,1074,Pars,50,9,5,11,348,2,60,,108,,,194,,
38073,1073,Pars,49,9,5,11,348,1,60,,130,,,241,w,
40069,3069,Pars,4,24,7,14,348,4,60,,165,,,285,,
40199,3199,Pars,127,25,6,7,348,3,61,,109,,,222,,
40072,3072,Pars,1,24,7,14,348,1,63,,,,,,,
38075,1075,Pars,51,9,5,11,348,3,64,,128,,,275,,
40197,3197,Pars,125,25,6,7,348,1,70,,184,,,320,,
41000,4000,Pars,97,32,1,15,348,1,86,,143,,,290,,
37941,941,Pars,84,8,4,12,348,4,21,g,37,,,,,
37291,291,Pars,35,3,3,10,348,3,32,k,53,,,109,,
42703,1607,Pine,71,13,1,8,348,3,37,,57,,,171,,
42728,1632,Pine,96,13,2,15,348,4,40,,101,,,218,,
44537,3441,Pine,113,27,4,6,348,1,40,,90,,,234,,
42704,1608,Pine,72,13,1,8,348,4,43,,70,,,153,,
44457,3361,Pine,33,27,3,6,348,1,44,,86,,,200,,
45436,4340,Pine,13,34,6,7,348,1,45,,87,,,194,,
44185,3089,Pine,17,25,8,7,348,1,45,,138,,,255,,
44539,3443,Pine,115,27,4,6,348,3,46,,76,,,194,,
44459,3363,Pine,35,27,3,6,348,3,47,,83,,,165,,
42701,1605,Pine,69,13,1,8,348,1,47,,67,,,169,,
43809,2713,Pine,104,22,7,9,348,4,48,,71,k,,166,,
42726,1630,Pine,94,13,2,15,348,2,49,,87,,,209,,
44188,3092,Pine,20,25,8,7,348,4,50,,140,,,248,k/w,
44186,3090,Pine,18,25,8,7,348,2,50,,114,,,266,,
42725,1629,Pine,93,13,2,15,348,1,52,,120,,,261,,
45434,4338,Pine,15,34,6,7,348,3,53,,110,,,210,,
45433,4337,Pine,16,34,6,7,348,4,54,,96,,,208,,
42727,1631,Pine,95,13,2,15,348,3,54,,134,,,311,,
43810,2714,Pine,103,22,7,9,348,3,55,,93,,,237,,
43811,2715,Pine,102,22,7,9,348,2,60,,70,,,178,,
44460,3364,Pine,36,27,3,6,348,4,65,,106,,,178,k/w,
43962,2866,Pine,50,23,5,10,348,2,26,d,56,,,176,,
43812,2716,Pine,101,22,7,9,348,1,32,d,87,,,186,,
44538,3442,Pine,114,27,4,6,348,2,40,d,87,,,192,,
44458,3362,Pine,34,27,3,6,348,2,42,d,96,,,245,,
42702,1606,Pine,70,13,1,8,348,2,28,d k,51,,,165,,
44540,3444,Pine,116,27,4,6,348,4,35,d k,85,,,184,,
43963,2867,Pine,51,23,5,10,348,3,34,g,54,,,128,,
43961,2865,Pine,49,23,5,10,348,1,,g,,,,,,
43964,2868,Pine,52,23,5,10,348,4,27,g d,50,,,121,,
45435,4339,Pine,14,34,6,7,348,2,48,k,72,,,147,,
44187,3091,Pine,19,25,8,7,348,3,31,t,84,,,167,,
47182,1478,Reve,27,34,8,13,348,3,35,,101,,,148,w,
48592,2888,Reve,40,63,3,10,348,4,36,,98,,,168,,
48571,2867,Reve,19,63,1,15,348,3,42,,68,c,,,,
48463,2759,Reve,7,61,2,13,348,3,45,,123,,,188,w,
48786,3082,Reve,42,67,4,15,348,2,46,,87,,,110,,
48591,2887,Reve,39,63,3,10,348,3,46,,89,,,143,,
47203,1499,Reve,6,34,5,9,348,2,49,,115,,,211,,
47183,1479,Reve,26,34,8,13,348,2,54,,,,,,,
48787,3083,Reve,43,67,4,15,348,3,55,,94,,,124,,
48572,2868,Reve,20,63,1,15,348,4,55,,93,,,141,,
47204,1500,Reve,5,34,5,9,348,1,57,,152,,,,,
47184,1480,Reve,25,34,8,13,348,1,59,,122,s,,208,,
48590,2886,Reve,38,63,3,10,348,2,60,,109,,,169,,
49055,3351,Reve,23,73,7,16,348,3,63,,141,,,,,
49053,3349,Reve,21,73,7,16,348,1,65,,126,,,181,wk,
48785,3081,Reve,41,67,4,15,348,1,66,,113,,,164,,
48589,2885,Reve,37,63,3,10,348,1,67,,117,,,193,,
48464,2760,Reve,8,61,2,13,348,4,69,,147,,,189,,
48569,2865,Reve,17,63,1,15,348,1,69,,146,,,218,,
49054,3350,Reve,22,73,7,16,348,2,71,,141,,,,,
47202,1498,Reve,7,34,5,9,348,3,79,,162,,,272,,
48461,2757,Reve,5,61,2,13,348,1,81,,172,,,213,,
47201,1497,Reve,8,34,5,9,348,4,,,,,,,,
47338,1634,Reve,34,37,6,6,348,2,,,,,,,,
47339,1635,Reve,35,37,6,6,348,3,,,,,,,,
47340,1636,Reve,36,37,6,6,348,4,,,,,,,,
47181,1477,Reve,28,34,8,13,348,4,,,,,,,,
53487,3687,Skim,29,103,2,10,348,3,32,,83,,,174,k,
53811,4011,Skim,32,86,1,16,348,2,32,,83,,,199,,
53692,3892,Skim,31,52,8,14,348,4,46,,106,w k,,248,,
52334,2534,Skim,20,27,4,14,348,3,49,,130,,,217,i,
52402,2602,Skim,21,42,3,15,348,2,50,,131,,,243,,
52429,2629,Skim,21,69,5,1,348,1,54,,128,,,230,,
53486,3686,Skim,29,102,2,10,348,2,57,,162,,,257,i,
50445,645,Skim,6,124,6,1,348,4,58,,112,d,,167,i,
53690,3890,Skim,31,50,8,14,348,2,60,,152,,,253,,
53809,4009,Skim,32,88,1,16,348,4,61,,156,d,,296,i k,
52430,2630,Skim,21,70,5,1,348,2,64,,154,,,281,,
53812,4012,Skim,32,85,1,16,348,1,73,,185,,,304,i,
52404,2604,Skim,21,44,3,15,348,4,76,,135,k,,242,,
52333,2533,Skim,20,28,4,14,348,4,77,,169,,,293,,
52431,2631,Skim,21,71,5,1,348,3,82,,196,,,351,,
50320,520,Skim,5,8,7,15,348,4,82,,174,,,384,,
52335,2535,Skim,20,26,4,14,348,2,86,,164,,,260,i,
52336,2536,Skim,20,25,4,14,348,1,86,,197,,,344,,
50317,517,Skim,5,5,7,15,348,1,92,,134,w k,,248,k,
52403,2603,Skim,21,43,3,15,348,3,97,,188,,,267,i,
50318,518,Skim,5,6,7,15,348,2,99,,170,w k,,364,,
53689,3889,Skim,31,49,8,14,348,1,45,k,132,,,303,,
53810,4010,Skim,32,87,1,16,348,3,49,k,93,k,,182,,
50319,519,Skim,5,7,7,15,348,3,69,k,142,w,,256,i,
50447,647,Skim,6,122,6,1,348,2,23,T,84,,,134,,
53691,3891,Skim,31,51,8,14,348,3,42,T,136,,,214,i,
52401,2601,Skim,21,41,3,15,348,1,44,T,80,,,150,,
52432,2632,Skim,21,72,5,1,348,4,46,T,108,k,,232,,
53488,3688,Skim,29,104,2,10,348,4,46,T,142,,,267,,
50448,648,Skim,6,121,6,1,348,1,58,T,108,,,183,,
53485,3685,Skim,29,101,2,10,348,1,65,T,102,w k,,189,i,
50446,646,Skim,6,123,6,1,348,3,51,T k,117,k,,200,k,
57655,3759,Terr,27,47,8,10,348,3,30,,76,,,115,,
57656,3760,Terr,27,48,8,10,348,4,35,,78,,,132,,
57195,3299,Terr,20,30,6,12,348,2,37,,76,,,165,,
55610,1714,Terr,59,50,5,7,348,2,40,,114,,,211,,
57196,3300,Terr,20,29,6,12,348,1,41,,75,,,135,,
55611,1715,Terr,59,51,5,7,348,3,41,,71,,,157,,
56464,2568,Terr,9,8,7,2,348,4,41,,92,,,177,,
57193,3297,Terr,20,32,6,12,348,4,41,,96,,,192,,
56380,2484,Terr,7,52,4,13,348,4,43,,83,,,127,,
54963,1067,Terr,49,43,1,11,348,3,43,,100,,,155,,
54962,1066,Terr,49,42,1,11,348,2,48,,72,,,122,,
57654,3758,Terr,27,46,8,10,348,2,48,,84,,,146,,
56377,2481,Terr,7,49,4,13,348,1,48,,114,,,169,,
56463,2567,Terr,9,7,7,2,348,3,48,,102,,,189,,
55612,1716,Terr,59,52,5,7,348,4,50,,100,,,174,,
54964,1068,Terr,49,44,1,11,348,4,50,,105,,,210,,
56461,2565,Terr,9,5,7,2,348,1,50,,104,,,216,,
54961,1065,Terr,49,41,1,11,348,1,51,,105,,,190,,
54770,874,Terr,46,23,2,3,348,3,53,,104,,,191,,
54771,875,Terr,46,22,2,3,348,2,54,,109,,,177,,
56462,2566,Terr,9,6,7,2,348,2,56,,112,,,200,,
54769,873,Terr,46,24,2,3,348,4,58,,134,,,259,,
54672,776,Terr,45,8,3,13,348,4,62,,119,w,,245,,
57194,3298,Terr,20,31,6,12,348,3,63,,116,,,214,,
57653,3757,Terr,27,45,8,10,348,1,63,,124,,,218,,
54669,773,Terr,45,5,3,13,348,1,63,,98,w,,254,,
56379,2483,Terr,7,51,4,13,348,3,64,,124,,,214,,
55609,1713,Terr,59,49,5,7,348,1,64,,141,,,275,,
56378,2482,Terr,7,50,4,13,348,2,73,,145,,,281,,
54772,876,Terr,46,21,2,3,348,1,74,,131,,,196,,
54670,774,Terr,45,6,3,13,348,2,74,,151,,,275,,
54671,775,Terr,45,7,3,13,348,3,79,,109,w,,254,,
59446,1454,Tete,12,83,1,8,348,3,28,,94,,,151,,
58316,324,Tete,3,68,7,12,348,4,30,,50,,,94,,
59726,1734,Tete,14,59,3,8,348,3,31,,82,,,,,
60836,2844,Tete,23,28,6,15,348,4,36,,83,,,238,,
61962,3970,Tete,32,127,5,12,348,3,37,,76,,,164,,
59728,1736,Tete,14,57,3,8,348,1,43,,115,,,233,,
58313,321,Tete,3,65,7,12,348,1,43,,81,,,,,
61535,3543,Tete,28,42,8,14,348,2,48,,100,,,239,,
59170,1178,Tete,10,103,2,7,348,3,48,,84,,,,,
58314,322,Tete,3,66,7,12,348,2,48,,68,,,,,
59169,1177,Tete,10,104,2,7,348,4,50,,103,,,180,,
61534,3542,Tete,28,43,8,14,348,3,50,,86,,,216,,
61536,3544,Tete,28,41,8,14,348,1,53,,134,,,289,,
61065,3073,Tete,25,1,4,12,348,1,53,,,,,,,
59447,1455,Tete,12,82,1,8,348,2,55,,139,,,296,,
59727,1735,Tete,14,58,3,8,348,2,55,,139,,,,,
59445,1453,Tete,12,84,1,8,348,4,57,,143,,,314,,
59725,1733,Tete,14,60,3,8,348,4,57,,101,,,,,
59171,1179,Tete,10,102,2,7,348,2,60,,124,,,,,
59172,1180,Tete,10,101,2,7,348,1,61,,94,,,177,,
61964,3972,Tete,32,125,5,12,348,1,61,,115,,,,,
61067,3075,Tete,25,3,4,12,348,3,63,,125,,,312,,
61963,3971,Tete,32,126,5,12,348,2,64,,164,,,270,,
60833,2841,Tete,23,25,6,15,348,1,,,,,,,,
60834,2842,Tete,23,26,6,15,348,2,,,,,,,,
58315,323,Tete,3,67,7,12,348,3,,,,,,,,
64586,2498,Well,27,90,8,12,348,2,22,,51,,,99,,
62435,347,Well,6,78,6,2,348,2,24,,38,,,59,,
65134,3046,Well,33,38,2,15,348,2,24,,76,,,215,,
62434,346,Well,6,79,6,2,348,3,26,,50,,,95,,
65135,3047,Well,33,39,2,15,348,3,28,,64,,,133,,
65969,3881,Well,43,33,7,1,348,1,28,,46,,,139,,
65616,3528,Well,39,16,1,15,348,4,29,,51,,,129,,
65972,3884,Well,43,36,7,1,348,4,30,,108,,,165,,
63902,1814,Well,21,6,3,14,348,2,32,,54,f,,61,d,
65543,3455,Well,38,58,5,5,348,2,32,,66,,,123,,
65614,3526,Well,39,14,1,15,348,2,33,,59,,,179,,
65615,3527,Well,39,15,1,15,348,3,37,,66,,,182,,
65133,3045,Well,33,37,2,15,348,1,40,,112,,,273,,
65613,3525,Well,39,13,1,15,348,1,41,,90,,,200,,
65136,3048,Well,33,40,2,15,348,4,46,,114,,,272,,
63636,1548,Well,18,61,4,4,348,1,51,,47,,,95,,
65970,3882,Well,43,34,7,1,348,2,15,d,59,,,54,,
62436,348,Well,6,77,6,2,348,1,18,d,20,d .,,28,ck,
63903,1815,Well,21,7,3,14,348,3,20,d,31,,,56,,
63904,1816,Well,21,8,3,14,348,4,21,d,44,f,,96,,
64588,2500,Well,27,92,8,12,348,4,23,d,37,,,83,,
65971,3883,Well,43,35,7,1,348,3,40,d,19,d f,,272,,
63901,1813,Well,21,5,3,14,348,1,19,d k,43,,,80,,
63633,1545,Well,18,64,4,4,348,4,31,k .,71,,,176,,
62433,345,Well,6,80,6,2,348,4,14,t,27,,,46,k,
64587,2499,Well,27,91,8,12,348,3,18,t,39,,,80,k,
64585,2497,Well,27,89,8,12,348,1,20,t,55,,,111,,
63634,1546,Well,18,63,4,4,348,3,30,t,76,,,162,,
63635,1547,Well,18,62,4,4,348,2,30,t,52,,,172,,
65541,3453,Well,38,60,5,5,348,4,35,t,86,,,225,,
65542,3454,Well,38,59,5,5,348,3,40,t,74,,,164,,
65544,3456,Well,38,57,5,5,348,1,42,t,95,,,226,,
68573,2049,Whit,1,17,2,13,348,1,23,,,,,,3,Dead
69275,2751,Whit,66,22,7,11,348,2,25,,64,,,,3,Dead
69286,2762,Whit,55,22,4,13,348,3,26,,,,,,3,Dead
67584,1060,Whit,36,9,1,4,348,4,29,,,,,,3,Dead
67583,1059,Whit,35,9,1,4,348,3,32,,46,,,75,1,
69287,2763,Whit,54,22,4,13,348,2,33,,27,i d,,90,1,
67934,1410,Whit,127,12,8,1,348,3,35,,81,,,166,1,
69580,3056,Whit,17,24,5,10,348,1,38,,76,,,132,1,
66684,160,Whit,97,2,6,11,348,1,38,,87,k,,179,1 kd,
67581,1057,Whit,33,9,1,4,348,1,38,,13,d,,,3,Dead
68915,2391,Whit,87,19,3,3,348,3,42,,128,,,297,1,
68913,2389,Whit,85,19,3,3,348,1,43,,98,k,,167,1 d,
66681,157,Whit,100,2,6,11,348,4,47,,100,k,,275,1,
68575,2051,Whit,3,17,2,13,348,3,,,,,,,3,Dead
68914,2390,Whit,86,19,3,3,348,2,,,,,,,3,Dead
69276,2752,Whit,65,22,7,11,348,1,,,,,,,3,Dead
67933,1409,Whit,128,12,8,1,348,4,,,,,,,3,Dead
67936,1412,Whit,125,12,8,1,348,1,,,,,,,3,Dead
68916,2392,Whit,88,19,3,3,348,4,17,d,,,,,3,Dead
66683,159,Whit,98,2,6,11,348,2,18,d,,,,,3,Dead
68576,2052,Whit,4,17,2,13,348,4,19,d,43,k,,142,1 kl,
67582,1058,Whit,34,9,1,4,348,2,19,d,,,,,3,Dead
69274,2750,Whit,67,22,7,11,348,3,21,d,44,,,127,1,
68574,2050,Whit,2,17,2,13,348,2,21,d,43,,,,3,Dead
69579,3055,Whit,18,24,5,10,348,2,22,d,,,,,3,Dead
69288,2764,Whit,53,22,4,13,348,1,23,d,,,,,3,Dead
69578,3054,Whit,19,24,5,10,348,3,24,d,,,,,3,Dead
67935,1411,Whit,126,12,8,1,348,2,27,d,53,k,,119,1 k,
69577,3053,Whit,20,24,5,10,348,4,27,d,,,,,3,Dead
66682,158,Whit,99,2,6,11,348,3,28,d,79,k,,158,1 k,
69285,2761,Whit,56,22,4,13,348,4,28,d,,,,,3,Dead
69273,2749,Whit,68,22,7,11,348,4,28,d,65,,,,3,Dead
1942,1942,Cran,31,22,2,9,405,2,21,,36,,,45,ck,
711,711,Cran,12,58,7,9,405,2,22,,28,,,53,a,
941,941,Cran,15,45,5,4,405,1,24,,33,,,57,,
710,710,Cran,12,59,7,9,405,3,24,,43,,,79,a,
551,551,Cran,9,39,4,9,405,3,25,,36,,,62,a,
943,943,Cran,15,47,5,4,405,3,26,,31,,,56,a,
395,395,Cran,7,11,1,2,405,3,26,,42,,,88,a,
942,942,Cran,15,46,5,4,405,2,27,,37,,,69,a,
944,944,Cran,15,48,5,4,405,4,27,,36,,,81,a,
550,550,Cran,9,38,4,9,405,2,29,,39,,,107,a,
712,712,Cran,12,57,7,9,405,1,30,,32,,,62,,
1331,1331,Cran,21,51,6,10,405,3,30,,46,,,69,a,
3525,3525,Cran,56,76,8,5,405,4,30,,50,,,75,a,
3526,3526,Cran,56,75,8,5,405,3,30,,42,,,103,a,
3527,3527,Cran,56,74,8,5,405,2,32,,45,,,93,a,
396,396,Cran,7,12,1,2,405,4,33,,55,,,136,a,
1944,1944,Cran,31,24,2,9,405,4,34,,53,,,84,a,
393,393,Cran,7,9,1,2,405,1,34,,38,,,91,a,
3528,3528,Cran,56,73,8,5,405,1,34,,46,,,95,a,
1943,1943,Cran,31,23,2,9,405,3,34,,57,,,112,,
549,549,Cran,9,37,4,9,405,1,34,,50,,,117,a,
1329,1329,Cran,21,49,6,10,405,1,35,,39,,,63,,
1332,1332,Cran,21,52,6,10,405,4,35,,48,,,65,a,
3830,3830,Cran,60,27,3,1,405,3,36,,39,,ck,55,a,ck
1941,1941,Cran,31,21,2,9,405,1,36,,59,,,87,a,
394,394,Cran,7,10,1,2,405,2,36,,34,,,90,a,
1330,1330,Cran,21,50,6,10,405,2,37,,59,,,115,a,
3831,3831,Cran,60,26,3,1,405,2,42,,60,,,95,w,
3829,3829,Cran,60,28,3,1,405,4,46,,57,,,161,a,
3832,3832,Cran,60,25,3,1,405,1,49,,75,,,191,a,
709,709,Cran,12,60,7,9,405,4,,,,,,,,
552,552,Cran,9,40,4,9,405,4,20,t,26,,,44,a,
7780,3684,Dunc,37,116,8,4,405,4,38,,67,,,121,,
7778,3682,Dunc,37,114,8,4,405,2,45,,64,,,129,,
7796,3700,Dunc,37,132,6,6,405,4,46,,130,,,217,,
7033,2937,Dunc,32,104,5,11,405,4,48,,91,,,122,,
6153,2057,Dunc,25,73,3,8,405,1,50,,77,,,114,,
6870,2774,Dunc,30,3,7,12,405,3,50,,,,,,,
7777,3681,Dunc,37,113,8,4,405,1,51,,90,,,162,,
7034,2938,Dunc,32,103,5,11,405,3,52,,86,,,148,,
5397,1301,Dunc,18,60,4,10,405,4,52,,120,,,171,,
6155,2059,Dunc,25,75,3,8,405,3,52,,75,,,,,
7035,2939,Dunc,32,102,5,11,405,2,54,,93,,,149,,
6869,2773,Dunc,30,4,7,12,405,4,55,,,,,,,
4390,294,Dunc,7,90,1,3,405,2,56,,123,,,201,,
7779,3683,Dunc,37,115,8,4,405,3,57,,75,,,116,,
6154,2058,Dunc,25,74,3,8,405,2,57,,67,,,127,,
5398,1302,Dunc,18,59,4,10,405,3,58,,92,,,155,,
6908,2812,Dunc,31,36,2,9,405,4,60,,106,,,172,,
5400,1304,Dunc,18,57,4,10,405,1,61,,98,,,158,,
4391,295,Dunc,7,91,1,3,405,3,66,,136,,,224,,
7793,3697,Dunc,37,129,6,6,405,1,66,,136,,,232,,
4389,293,Dunc,7,89,1,3,405,1,67,,,,,,,
5399,1303,Dunc,18,58,4,10,405,2,74,,83,,,126,k,
7795,3699,Dunc,37,131,6,6,405,3,74,,117,,,182,,
6871,2775,Dunc,30,2,7,12,405,2,75,,,,,,,
6907,2811,Dunc,31,35,2,9,405,3,76,,125,,,212,,
6872,2776,Dunc,30,1,7,12,405,1,78,,,,,,,
7036,2940,Dunc,32,101,5,11,405,1,80,,129,,,232,,
7794,3698,Dunc,37,130,6,6,405,2,82,,135,,,243,,
6156,2060,Dunc,25,76,3,8,405,4,50,k,98,,,162,,
4392,296,Dunc,7,92,1,3,405,4,51,k,94,,,159,,
6906,2810,Dunc,31,34,2,9,405,2,48,t,,,,,,
6905,2809,Dunc,31,33,2,9,405,1,52,t,106,,,175,,
10602,2410,Ftne,29,42,4,15,405,2,21,,40,,,55,,
10601,2409,Ftne,29,41,4,15,405,1,22,,60,,,128,,
11810,3618,Ftne,43,18,2,6,405,2,25,,72,,,104,,
8284,92,Ftne,2,77,1,8,405,1,29,,58,,,111,,
11812,3620,Ftne,43,20,2,6,405,4,30,,50,k,,59,,
8873,681,Ftne,9,9,3,13,405,1,31,,67,,,138,,
8876,684,Ftne,9,12,3,13,405,4,32,,65,,,191,,
11893,3701,Ftne,44,76,8,1,405,4,34,,68,,,118,,
8875,683,Ftne,9,11,3,13,405,3,34,,93,,,135,,
8874,682,Ftne,9,10,3,13,405,2,35,,106,,,176,,
8754,562,Ftne,7,58,5,7,405,2,36,,71,,,116,,
8815,623,Ftne,8,50,6,1,405,2,36,,82,,,135,,
11896,3704,Ftne,44,73,8,1,405,1,38,,85,d,,105,,
8283,91,Ftne,2,78,1,8,405,2,38,,86,,,148,,
10604,2412,Ftne,29,44,4,15,405,4,38,,100,,,149,,
10603,2411,Ftne,29,43,4,15,405,3,39,,86,,,148,,
8281,89,Ftne,2,80,1,8,405,4,40,,63,,,110,,
11895,3703,Ftne,44,74,8,1,405,2,43,,59,k,,,,
8282,90,Ftne,2,79,1,8,405,3,44,,85,,,155,,
11811,3619,Ftne,43,19,2,6,405,3,45,,69,,,,,
8756,564,Ftne,7,60,5,7,405,4,46,,90,,,126,,
8816,624,Ftne,8,49,6,1,405,1,50,,83,,,135,,
8755,563,Ftne,7,59,5,7,405,3,56,,79,,,168,,
8753,561,Ftne,7,57,5,7,405,1,59,,,,,142,,
11809,3617,Ftne,43,17,2,6,405,1,61,,74,d,,70,,
11825,3633,Ftne,43,33,7,2,405,1,,,,,,,,
11826,3634,Ftne,43,34,7,2,405,2,,,,,,,,
11828,3636,Ftne,43,36,7,2,405,4,,,,,,,,
11827,3635,Ftne,43,35,7,2,405,3,25,c,,,,,,
11894,3702,Ftne,44,75,8,1,405,3,24,d,,,,,,
8814,622,Ftne,8,51,6,1,405,3,38,t,104,,,110,,
8813,621,Ftne,8,52,6,1,405,4,30,t ll,39,d,,64,,
14429,2109,Harr,32,8,4,8,405,4,35,,92,,,158,,
16370,4050,Harr,57,50,6,12,405,2,38,,90,,,168,,
16369,4049,Harr,57,49,6,12,405,1,41,,100,,,188,,
12849,529,Harr,11,21,2,12,405,1,47,,124,,,218,,
12504,184,Harr,5,36,7,8,405,4,48,,118,,,206,,
16512,4192,Harr,59,64,3,3,405,4,48,,140,,,208,,
14432,2112,Harr,32,5,4,8,405,1,48,,127,,,248,,
16372,4052,Harr,57,52,6,12,405,4,50,,105,,,181,,
16511,4191,Harr,59,63,3,3,405,3,50,,111,,,218,,
12851,531,Harr,11,23,2,12,405,3,51,,132,,,208,bw,
14430,2110,Harr,32,7,4,8,405,3,55,,118,,,168,,
14202,1882,Harr,29,70,5,10,405,2,56,,104,,,135,,
15985,3665,Harr,52,16,8,4,405,4,56,,120,,,187,,
12850,530,Harr,11,22,2,12,405,2,56,,112,,,264,,
14203,1883,Harr,29,71,5,10,405,3,57,,116,,,135,,
12503,183,Harr,5,35,7,8,405,3,57,,131,,,191,,
15000,2680,Harr,40,45,1,8,405,1,57,,118,,,196,,
14431,2111,Harr,32,6,4,8,405,2,58,,182,,,347,w,
15988,3668,Harr,52,13,8,4,405,1,59,,128,,,258,k,
14201,1881,Harr,29,69,5,10,405,1,60,,96,,,148,,
16510,4190,Harr,59,62,3,3,405,2,62,,164,k,,302,kw,
14997,2677,Harr,40,48,1,8,405,4,65,,133,,,207,,
14999,2679,Harr,40,46,1,8,405,2,69,,139,,,189,w,
14998,2678,Harr,40,47,1,8,405,3,74,,151,,,214,,
15986,3666,Harr,52,15,8,4,405,3,79,,167,,,228,,
12502,182,Harr,5,34,7,8,405,2,81,,166,,,291,,
12852,532,Harr,11,24,2,12,405,4,83,,141,,,488,ck,
14204,1884,Harr,29,72,5,10,405,4,89,,187,,,298,,
15987,3667,Harr,52,14,8,4,405,2,91,,173,,,274,,
16509,4189,Harr,59,61,3,3,405,1,98,,224,,,348,w,
12501,181,Harr,5,33,7,8,405,1,125,,239,,,370,k,
16371,4051,Harr,57,51,6,12,405,3,59,k,143,,,220,b,
20029,3517,High,110,4,8,3,405,2,18,,,,,,3,
16772,260,High,9,4,6,12,405,1,,,,,,,3,
19972,3460,High,109,4,8,3,405,1,,,,,,,3,
20093,3581,High,112,4,8,3,405,4,,,,,,,3,
16836,324,High,11,4,6,12,405,3,12,c,21,k d,,56,1 k,
17641,1129,High,36,24,2,6,405,4,22,c,,m .,,,3,
17577,1065,High,34,24,2,6,405,2,16,c f,,,,,3,
16893,381,High,12,4,6,12,405,4,20,c f,7,k d,,,3,
17276,764,High,24,5,3,7,405,4,21,c f,,,,,3,
18121,1609,High,51,9,5,11,405,3,2,d,,,,,3,
18057,1545,High,49,9,5,11,405,1,4,d,7,k d,,12,1 d,
20605,4093,High,128,4,7,11,405,4,6,d,,,,,3,
20541,4029,High,126,4,7,11,405,2,7,d,12,d k,,14,1 d,
17157,645,High,21,5,3,7,405,1,10,d,16,k d,,14,1 d,
18983,2471,High,78,26,1,12,405,2,15,d,16,k d,,14,1 k,
19047,2535,High,80,26,1,12,405,4,17,d,10,k d,,,3,
20548,4036,High,127,4,7,11,405,3,18,d,,,,,3,
19576,3064,High,96,9,4,16,405,4,20,d,17,k d,,20,1 k,
18104,1592,High,50,9,5,11,405,2,15,d c,,,,,3,
16829,317,High,10,4,6,12,405,2,15,d c,,,,,3,
19529,3017,High,95,9,4,16,405,3,16,d c,15,k d,,22,1 kd,
18168,1656,High,52,9,5,11,405,4,16,d c,20,k d,,32,1 k,
20036,3524,High,111,4,8,3,405,3,18,d c,22,d,,26,1 kc,
18970,2458,High,77,26,1,12,405,1,20,d c,18,k d,,18,1 kd,
17221,709,High,23,5,3,7,405,3,24,d c,,,,,3,
17212,700,High,22,5,3,7,405,2,13,d f,14,k d,,,3,
19512,3000,High,94,9,4,16,405,2,14,d f,,,,,3,
19034,2522,High,79,26,1,12,405,3,17,d f,,,,,3,
19465,2953,High,93,9,4,16,405,1,21,d f,28,d k,,28,1 dkc,
17560,1048,High,33,24,2,6,405,1,22,d f,23,,,22,1 kd,
17624,1112,High,35,24,2,6,405,3,22,f,19,k d,,24,1 d,
20484,3972,High,125,4,7,11,405,1,23,f,18,k d,,38,1,
23026,2418,Jord,19,21,4,6,405,4,33,,70,,,119,,
22897,2289,Jord,21,22,4,6,405,1,39,,43,,,80,,
23310,2702,Jord,71,17,2,16,405,3,40,,86,,,139,,
23025,2417,Jord,20,21,4,6,405,3,40,,81,,,142,,
20935,327,Jord,75,46,8,15,405,2,40,,93,,,144,w,
24615,4007,Jord,59,2,3,11,405,3,40,,120,,,218,,
20934,326,Jord,74,46,8,15,405,1,41,,102,,,193,,
21540,932,Jord,8,38,1,4,405,2,42,,73,,,100,,
23024,2416,Jord,21,21,4,6,405,2,42,,96,,,168,,
24614,4006,Jord,58,2,3,11,405,2,43,,112,,,171,,
23308,2700,Jord,73,17,2,16,405,1,45,,114,,,162,,
23309,2701,Jord,72,17,2,16,405,2,45,,119,,,194,,
21542,934,Jord,10,38,1,4,405,4,49,,99,m,,128,,
20936,328,Jord,76,46,8,15,405,3,49,,96,,,172,,
21668,1060,Jord,33,37,6,8,405,4,50,,107,,,182,,
20982,374,Jord,47,45,7,5,405,1,51,,104,,,142,,
20985,377,Jord,44,45,7,5,405,4,51,,144,,,192,,
21665,1057,Jord,36,37,6,8,405,3,52,,88,d,,88,p,
24616,4008,Jord,60,2,3,11,405,4,54,,110,,,152,,
24688,4080,Jord,37,1,5,3,405,4,54,,109,,,157,,
24685,4077,Jord,40,1,5,3,405,1,56,,152,,,242,w,
20984,376,Jord,45,45,7,5,405,3,57,,132,,,195,,
20937,329,Jord,77,46,8,15,405,4,58,,139,,,238,w,
21541,933,Jord,9,38,1,4,405,3,61,,41,,,88,,
20983,375,Jord,46,45,7,5,405,2,62,,149,,,183,,
24613,4005,Jord,57,2,3,11,405,1,66,,132,,,178,,
24686,4078,Jord,39,1,5,3,405,2,67,,118,,,240,,
24687,4079,Jord,38,1,5,3,405,3,71,,129,,,288,,
21539,931,Jord,7,38,1,4,405,1,72,,152,,,200,w,
21664,1056,Jord,37,37,6,8,405,2,74,,123,,,182,,
21663,1055,Jord,38,37,6,8,405,1,76,,99,,,177,,
23311,2703,Jord,70,17,2,16,405,4,41,m,68,,,90,,
27981,3257,Kala,14,8,4,13,405,4,23,,,,,,,
25895,1171,Kala,41,63,3,6,405,3,28,,36,,,60,,
25896,1172,Kala,41,64,3,6,405,4,28,,49,,,65,t,
26109,1385,Kala,38,44,2,7,405,4,29,,,,,,,
27555,2831,Kala,20,26,6,10,405,2,30,,,,,,,
24832,108,Kala,56,13,7,4,405,1,30,,38,,,,,
27554,2830,Kala,20,27,6,10,405,3,31,,,,,,,
24831,107,Kala,56,14,7,4,405,2,31,,,,,,,
24829,105,Kala,56,16,7,4,405,4,32,,,,,,,
25048,324,Kala,53,68,8,7,405,4,34,,60,,,96,i,
27556,2832,Kala,20,25,6,10,405,1,34,,,,,,,
26112,1388,Kala,38,41,2,7,405,1,35,,,,,,,
25197,473,Kala,50,56,5,14,405,4,36,,54,,,,,
25200,476,Kala,50,53,5,14,405,1,38,,53,,,,,
24830,106,Kala,56,15,7,4,405,3,39,,,,,,,
25046,322,Kala,53,66,8,7,405,2,41,,31,w,,61,,
25045,321,Kala,53,65,8,7,405,1,55,,57,w,,89,,
25861,1137,Kala,41,29,1,7,405,1,,,,,,,,
25862,1138,Kala,41,30,1,7,405,2,,,,,,,,
25863,1139,Kala,41,31,1,7,405,3,,,,,,,,
25864,1140,Kala,41,32,1,7,405,4,,,,,,,,
26110,1386,Kala,38,43,2,7,405,3,,,,,,,,
26111,1387,Kala,38,42,2,7,405,2,,,,,,,,
25893,1169,Kala,41,61,3,6,405,1,,,,,,,,
25894,1170,Kala,41,62,3,6,405,2,,,,,,,,
27982,3258,Kala,14,7,4,13,405,3,,,,,,,,
27983,3259,Kala,14,6,4,13,405,2,,,,,,,,
27984,3260,Kala,14,5,4,13,405,1,,,,,,,,
25198,474,Kala,50,55,5,14,405,3,,,,,,,,
27553,2829,Kala,20,28,6,10,405,4,,,,,,,,
25047,323,Kala,53,67,8,7,405,3,,,,,,,,
25199,475,Kala,50,54,5,14,405,2,36,t,53,,,,,
32797,3989,Mayo,63,21,4,10,405,1,,,,,,10,,
32549,3741,Mayo,59,29,1,3,405,1,,,,,,,,
32550,3742,Mayo,59,30,1,3,405,2,,,,,,,,
32551,3743,Mayo,59,31,1,3,405,3,,,,,,,,
32552,3744,Mayo,59,32,1,3,405,4,,,,,,,,
32521,3713,Mayo,59,1,2,7,405,1,,,,,,,,
32522,3714,Mayo,59,2,2,7,405,2,,,,,,,,
32523,3715,Mayo,59,3,2,7,405,3,,,,,,,,
32524,3716,Mayo,59,4,2,7,405,4,,,,,,,,
28877,69,Mayo,2,60,3,15,405,4,,,,,,,,
28878,70,Mayo,2,59,3,15,405,3,,,,,,,,
28879,71,Mayo,2,58,3,15,405,2,,,,,,,,
28880,72,Mayo,2,57,3,15,405,1,,,,,,,,
32798,3990,Mayo,63,22,4,10,405,2,,,,,,,,
32799,3991,Mayo,63,23,4,10,405,3,,,,,,,,
30457,1649,Mayo,26,16,5,3,405,4,,,,,,,,
30458,1650,Mayo,26,15,5,3,405,3,,,,,,,,
30459,1651,Mayo,26,14,5,3,405,2,,,,,,,,
30460,1652,Mayo,26,13,5,3,405,1,,,,,,,,
32098,3290,Mayo,52,39,6,1,405,3,,,,,,,,
32100,3292,Mayo,52,37,6,1,405,1,,,,,,,,
28861,53,Mayo,1,53,7,4,405,1,,,,,,,,
28862,54,Mayo,1,54,7,4,405,2,,,,,,,,
28863,55,Mayo,1,55,7,4,405,3,,,,,,,,
28864,56,Mayo,1,56,7,4,405,4,,,,,,,,
30813,2005,Mayo,32,44,8,6,405,4,,,,,,,,
30814,2006,Mayo,32,43,8,6,405,3,,,,,,,,
32800,3992,Mayo,63,24,4,10,405,4,6,d,,,,,,
30815,2007,Mayo,32,42,8,6,405,2,7,d,,,,,,
30816,2008,Mayo,32,41,8,6,405,1,7,d,,,,,,
32099,3291,Mayo,52,38,6,1,405,2,9,d,,,,,,
32097,3289,Mayo,52,40,6,1,405,4,12,d,,,,,,
35386,2482,Naku,32,47,7,4,405,3,23,,35,,,35,,ck
32947,43,Naku,1,43,3,2,405,3,25,,47,,,,,
35387,2483,Naku,32,46,7,4,405,2,27,,40,,,40,,ck
32946,42,Naku,1,42,3,2,405,2,27,,50,,,,,
36289,3385,Naku,44,56,2,9,405,4,29,,65,,,100,,
35251,2347,Naku,30,30,6,15,405,2,34,,51,,,58,,ck
36937,4033,Naku,55,57,4,3,405,1,34,,51,,,78,w,
34490,1586,Naku,20,15,1,2,405,3,39,,74,,,,,
35250,2346,Naku,30,31,6,15,405,3,40,,54,,,80,,
34489,1585,Naku,20,16,1,2,405,4,40,,70,,,,,
36939,4035,Naku,55,59,4,3,405,3,40,,73,,,,,
36940,4036,Naku,55,60,4,3,405,4,40,,79,,,,,
35388,2484,Naku,32,45,7,4,405,1,41,,69,,,85,,
33544,640,Naku,8,1,5,15,405,1,42,,54,,,85,,
36290,3386,Naku,44,55,2,9,405,3,42,,85,,,130,,
33541,637,Naku,8,4,5,15,405,4,42,,86,,,134,,
36693,3789,Naku,50,76,8,9,405,4,43,,84,,,111,,
35252,2348,Naku,30,29,6,15,405,1,45,,44,d,,51,,ck
33543,639,Naku,8,2,5,15,405,2,45,,65,,,91,w,
36291,3387,Naku,44,54,2,9,405,2,45,,68,,,109,w,
36938,4034,Naku,55,58,4,3,405,2,45,,92,,,170,,
34492,1588,Naku,20,13,1,2,405,1,46,,67,,,101,,
35249,2345,Naku,30,32,6,15,405,4,48,,66,,,112,,
33542,638,Naku,8,3,5,15,405,3,51,,86,,,106,w,
35385,2481,Naku,32,48,7,4,405,4,52,,81,,,126,,
36292,3388,Naku,44,53,2,9,405,1,53,,109,,,,,
34491,1587,Naku,20,14,1,2,405,2,55,,89,,,116,w,
36695,3791,Naku,50,74,8,9,405,2,56,,125,,,215,,
36694,3790,Naku,50,75,8,9,405,3,57,,120,,,153,,
32945,41,Naku,1,41,3,2,405,1,60,,103,,,,,
36696,3792,Naku,50,73,8,9,405,1,67,,125,,,208,,
32948,44,Naku,1,44,3,2,405,4,,,,,,,,
40990,3990,Pars,107,32,1,5,405,3,15,,24,i,,45,,
40991,3991,Pars,106,32,1,5,405,2,25,,48,,,125,,
39555,2555,Pars,6,20,7,5,405,2,27,,62,,,70,,
38741,1741,Pars,52,14,5,11,405,4,29,,36,,,50,,
40992,3992,Pars,105,32,1,5,405,1,30,,47,,,120,w,
39556,2556,Pars,5,20,7,5,405,1,30,,34,w i,,,,
38742,1742,Pars,51,14,5,11,405,3,31,,72,,,168,,
39553,2553,Pars,8,20,7,5,405,4,32,,64,,,102,,
37124,124,Pars,124,1,6,1,405,4,34,,42,,,107,,
40154,3154,Pars,82,25,4,10,405,2,35,,48,,,120,,
39640,2640,Pars,80,21,2,11,405,4,35,,42,c p,,,,
40153,3153,Pars,81,25,4,10,405,1,35,,38,c p,,,,
39638,2638,Pars,78,21,2,11,405,2,36,,26,c p,,,,
39554,2554,Pars,7,20,7,5,405,3,37,,64,,,128,,
40989,3989,Pars,108,32,1,5,405,4,37,,58,,,200,w,
38239,1239,Pars,42,10,3,8,405,2,38,,47,c d,,40,d,
39637,2637,Pars,77,21,2,11,405,1,38,,46,c p,,,,
38056,1056,Pars,32,9,8,8,405,4,39,,101,,,,,
39639,2639,Pars,79,21,2,11,405,3,40,,68,,,70,dp,
40155,3155,Pars,83,25,4,10,405,3,40,,69,,,161,w,
38743,1743,Pars,50,14,5,11,405,2,40,,34,c d,poor,,,
38053,1053,Pars,29,9,8,8,405,1,42,,47,,,50,d,
37121,121,Pars,121,1,6,1,405,1,45,,74,,,140,,
37123,123,Pars,123,1,6,1,405,3,45,,71,,,143,,
38055,1055,Pars,31,9,8,8,405,3,47,,87,,,160,,
38744,1744,Pars,49,14,5,11,405,1,48,,71,,,135,,
38054,1054,Pars,30,9,8,8,405,2,52,,81,,,122,,
38237,1237,Pars,44,10,3,8,405,4,54,,125,,,264,,
38240,1240,Pars,41,10,3,8,405,1,55,,110,,,183,w,
38238,1238,Pars,43,10,3,8,405,3,59,,87,,,120,,
40156,3156,Pars,84,25,4,10,405,4,51,f,87,,,212,k,
37122,122,Pars,122,1,6,1,405,2,42,t,72,,,134,,
42667,1571,Pine,35,13,3,5,405,3,25,,64,,,161,,
44270,3174,Pine,102,25,7,9,405,2,26,,76,,,184,,
44269,3173,Pine,101,25,7,9,405,1,29,,44,,,124,,
42647,1551,Pine,15,13,6,16,405,3,30,,70,,,184,,
44272,3176,Pine,104,25,7,9,405,4,32,,51,,,120,,
44625,3529,Pine,56,28,5,16,405,4,32,,52,,,122,,
42645,1549,Pine,13,13,6,16,405,1,34,,80,,,180,,
42646,1550,Pine,14,13,6,16,405,2,34,,115,,,199,w,
44626,3530,Pine,55,28,5,16,405,3,35,,47,,,90,,
42668,1572,Pine,36,13,3,5,405,4,35,,91,,,214,,
44627,3531,Pine,54,28,5,16,405,2,36,,41,,,74,,
45164,4068,Pine,29,32,8,2,405,1,36,,75,,,136,,
42554,1458,Pine,79,12,1,2,405,3,37,,99,,,154,k/w,
42665,1569,Pine,33,13,3,5,405,1,37,,82,,,218,,
44271,3175,Pine,103,25,7,9,405,3,38,,100,,,131,w,
45163,4067,Pine,30,32,8,2,405,2,38,,61,,,138,,
45162,4066,Pine,31,32,8,2,405,3,39,,71,,,140,w,
45031,3935,Pine,95,31,2,9,405,3,40,,87,k,,146,,
42648,1552,Pine,16,13,6,16,405,4,41,,100,,,172,w,
42666,1570,Pine,34,13,3,5,405,2,41,,97,,,180,k/w,
42556,1460,Pine,77,12,1,2,405,1,42,,68,,,143,,
44628,3532,Pine,53,28,5,16,405,1,43,,84,,,171,w,
42555,1459,Pine,78,12,1,2,405,2,43,,93,,,174,k/w,
45030,3934,Pine,94,31,2,9,405,2,44,,92,k,,168,,
42553,1457,Pine,80,12,1,2,405,4,45,,96,,,183,,
45029,3933,Pine,93,31,2,9,405,1,49,,94,,,170,,
44038,2942,Pine,126,23,4,4,405,2,23,d g,38,,,114,,
44037,2941,Pine,125,23,4,4,405,1,28,d g,52,,,148,,
45161,4065,Pine,32,32,8,2,405,4,42,k,75,,,151,k/w,
45032,3936,Pine,96,31,2,9,405,4,34,t,54,,,127,,
44040,2944,Pine,128,23,4,4,405,4,24,t g,26,,,31,,
44039,2943,Pine,127,23,4,4,405,3,26,t g,58,,,110,ck,
47884,2180,Reve,4,49,2,8,405,4,22,,42,,,66,w,
48294,2590,Reve,30,57,6,11,405,2,30,,64,,,93,,
49014,3310,Reve,19,72,1,2,405,3,30,,87,,,135,w,
48296,2592,Reve,32,57,6,11,405,4,33,,72,,,132,,
46118,414,Reve,27,10,8,5,405,3,36,,90,,,140,w,
49016,3312,Reve,17,72,1,2,405,1,38,,72,,,104,w,
47117,1413,Reve,5,33,5,9,405,1,39,,95,,,116,w,
49558,3854,Reve,46,83,4,2,405,2,40,,61,,,75,,
49559,3855,Reve,47,83,4,2,405,3,40,,64,,,107,,
48293,2589,Reve,29,57,6,11,405,1,41,,64,w,,91,,
47881,2177,Reve,1,49,2,8,405,1,41,,84,,,134,,
46119,415,Reve,26,10,8,5,405,2,42,,100,,,100,w,
47119,1415,Reve,7,33,5,9,405,3,43,,93,,,132,w,
49013,3309,Reve,20,72,1,2,405,4,44,,86,,,129,w,
46120,416,Reve,25,10,8,5,405,1,45,,83,,,111,w,
46265,561,Reve,33,13,3,9,405,1,48,,124,,,256,,
49439,3735,Reve,23,81,7,6,405,3,51,,118,,,220,,
49557,3853,Reve,45,83,4,2,405,1,53,,87,,,102,w,
47120,1416,Reve,8,33,5,9,405,4,56,,132,,,202,,
47883,2179,Reve,3,49,2,8,405,3,58,,101,,,90,w,
49437,3733,Reve,21,81,7,6,405,1,69,,135,,,165,,
49015,3311,Reve,18,72,1,2,405,2,,,,,,,,
47882,2178,Reve,2,49,2,8,405,2,,,,,,,,
47118,1414,Reve,6,33,5,9,405,2,,,,,,,,
48295,2591,Reve,31,57,6,11,405,3,,,,,,,,
49438,3734,Reve,22,81,7,6,405,2,,,,,,,,
46117,413,Reve,28,10,8,5,405,4,,,,,,,,
46267,563,Reve,35,13,3,9,405,3,36,d,56,,,,,
46268,564,Reve,36,13,3,9,405,4,39,d,57,,,72,,
51620,1820,Skim,15,28,4,11,405,4,30,,,,,,,
51444,1644,Skim,13,108,2,15,405,4,35,,95,,,165,,
50378,578,Skim,5,66,5,7,405,2,36,,85,,,116,i,
51324,1524,Skim,12,13,7,5,405,1,37,,72,k,,81,k,
51619,1819,Skim,15,27,4,11,405,3,37,,90,,,86,i,
52494,2694,Skim,22,123,6,11,405,3,37,,90,,,142,i,
53089,3289,Skim,26,40,3,3,405,4,37,,127,,,182,i k,
51443,1643,Skim,13,107,2,15,405,3,38,,91,,,168,,
52496,2696,Skim,22,121,6,11,405,1,40,,91,d,,123,i k,
50624,824,Skim,7,56,8,12,405,4,40,,79,,,143,,
53090,3290,Skim,26,39,3,3,405,3,41,,99,,,141,i,
50380,580,Skim,5,68,5,7,405,4,42,,92,k,,130,k,
51618,1818,Skim,15,26,4,11,405,2,43,,113,,,162,i,
51500,1700,Skim,14,93,1,6,405,1,48,,141,,,189,i,
53092,3292,Skim,26,37,3,3,405,1,54,,156,,,181,i k,
53091,3291,Skim,26,38,3,3,405,2,57,,145,,,149,i,
50377,577,Skim,5,65,5,7,405,1,57,,98,w,,199,,
50622,822,Skim,7,54,8,12,405,2,63,,119,,,120,i,
52493,2693,Skim,22,124,6,11,405,4,32,k,92,,,112,,
51323,1523,Skim,12,14,7,5,405,2,33,k,86,k,,159,k,
51321,1521,Skim,12,16,7,5,405,4,44,k,146,,,227,i,
50621,821,Skim,7,53,8,12,405,1,38,k T,100,,,165,i k,
51322,1522,Skim,12,15,7,5,405,3,17,T,57,,,102,,
52495,2695,Skim,22,122,6,11,405,2,24,T,41,,,62,,
51497,1697,Skim,14,96,1,6,405,4,26,T,50,,,87,i,
50379,579,Skim,5,67,5,7,405,3,29,T,79,,,144,,
51441,1641,Skim,13,105,2,15,405,1,32,T,55,k,,106,i,
51499,1699,Skim,14,94,1,6,405,2,32,T,100,,,146,t,
51442,1642,Skim,13,106,2,15,405,2,28,T k,66,,,90,i,
51617,1817,Skim,15,25,4,11,405,1,36,T k,110,,,130,i,
50623,823,Skim,7,55,8,12,405,3,37,T k,96,,,129,i,
51498,1698,Skim,14,95,1,6,405,3,50,T k,88,,,110,i,
57003,3107,Terr,17,35,8,14,405,3,26,,46,,,84,,
57004,3108,Terr,17,36,8,14,405,4,26,,56,k,,89,,
55153,1257,Terr,52,24,2,12,405,4,27,,65,,,97,,
55191,1295,Terr,53,15,3,14,405,3,28,,38,,,52,,
54451,555,Terr,41,43,1,15,405,3,29,,49,,,95,,
57002,3106,Terr,17,34,8,14,405,2,30,,49,,,84,,
57491,3595,Terr,25,11,7,10,405,3,30,,62,,,131,,
54737,841,Terr,46,56,5,1,405,4,31,,42,,,64,,
55155,1259,Terr,52,22,2,12,405,2,32,,57,,,87,,
54739,843,Terr,46,54,5,1,405,2,33,,53,,,83,,
55189,1293,Terr,53,13,3,14,405,1,34,,56,,,90,,
57490,3594,Terr,25,10,7,10,405,2,35,,79,,,136,W,
57492,3596,Terr,25,12,7,10,405,4,36,,49,,,60,,
54738,842,Terr,46,55,5,1,405,3,36,,44,,,67,,
55190,1294,Terr,53,14,3,14,405,2,36,,71,,,89,,
55154,1258,Terr,52,23,2,12,405,3,36,,67,,,104,,
54452,556,Terr,41,44,1,15,405,4,37,,69,,,111,,
56732,2836,Terr,13,20,6,16,405,4,38,,58,,,109,,
54740,844,Terr,46,53,5,1,405,1,38,,66,,,149,,
56138,2242,Terr,4,63,4,8,405,3,40,,79,,,95,S,
56137,2241,Terr,4,64,4,8,405,4,40,,71,,,125,,
55192,1296,Terr,53,16,3,14,405,4,41,,72,,,100,,
55156,1260,Terr,52,21,2,12,405,1,43,,80,,,168,,
56140,2244,Terr,4,61,4,8,405,1,44,,91,,,135,,
54450,554,Terr,41,42,1,15,405,2,45,,96,,,174,W,
56729,2833,Terr,13,17,6,16,405,1,47,,81,,,158,,
57489,3593,Terr,25,9,7,10,405,1,48,,110,,,185,,
56139,2243,Terr,4,62,4,8,405,2,50,,87,,,145,S,
56730,2834,Terr,13,18,6,16,405,2,56,,94,,,200,,
56731,2835,Terr,13,19,6,16,405,3,61,,111,,,208,W,
57001,3105,Terr,17,33,8,14,405,1,,,,,,,,
54449,553,Terr,41,41,1,15,405,1,39,f,66,,,109,,
59615,1623,Tete,13,87,1,4,405,3,20,,23,d k,,67,,
60446,2454,Tete,20,107,2,14,405,3,21,,56,,,88,,
61710,3718,Tete,30,123,5,2,405,3,21,,34,,,,,
60485,2493,Tete,20,68,7,7,405,4,22,,36,,,80,,
58767,775,Tete,7,7,4,11,405,3,24,,41,f,,,,
59613,1621,Tete,13,85,1,4,405,1,26,,35,k,,60,,
61712,3720,Tete,30,121,5,2,405,1,27,,58,,,84,p,
58765,773,Tete,7,5,4,11,405,1,27,,56,,,130,,
60487,2495,Tete,20,66,7,7,405,2,29,,45,,,108,,
60486,2494,Tete,20,67,7,7,405,3,30,,51,,,80,,
60574,2582,Tete,21,22,6,5,405,2,30,,90,,,190,,
60573,2581,Tete,21,21,6,5,405,1,32,,66,,,102,,
60575,2583,Tete,21,23,6,5,405,3,32,,81,,,136,,
61106,3114,Tete,25,42,8,14,405,2,39,,,,,156,ck,
60448,2456,Tete,20,105,2,14,405,1,41,,76,k,,112,w,
59614,1622,Tete,13,86,1,4,405,2,,,,,,,,
59616,1624,Tete,13,88,1,4,405,4,,,,,,,,
59465,1473,Tete,12,64,3,1,405,4,,,,,,,,
59467,1475,Tete,12,62,3,1,405,2,,,,,,,,
59468,1476,Tete,12,61,3,1,405,1,,,,,,,,
61105,3113,Tete,25,41,8,14,405,1,,,,,,,,
61107,3115,Tete,25,43,8,14,405,3,12,d,93,,,74,ck,
59466,1474,Tete,12,63,3,1,405,3,21,g,51,,,151,,
65714,3626,Well,40,55,5,7,405,3,17,,,,,,,
62667,579,Well,8,30,7,6,405,2,20,,33,d f,,79,,
65715,3627,Well,40,54,5,7,405,2,25,,29,f,,49,s,
62711,623,Well,9,15,1,13,405,3,26,,26,f,,,,
65713,3625,Well,40,56,5,7,405,4,27,,44,,,121,,
62709,621,Well,9,13,1,13,405,1,39,,71,,,141,,
63306,1218,Well,15,10,3,11,405,2,40,,64,f,,90,w,
62712,624,Well,9,16,1,13,405,4,,,,,,,,
64771,2683,Well,29,75,6,9,405,3,4,d,,,,,,
63988,1900,Well,21,92,8,15,405,4,8,d,15,d .,,35,,
66008,3920,Well,43,72,4,2,405,4,11,d,20,d .,,19,d,
62666,578,Well,8,31,7,6,405,3,11,d,14,d f,poor,21,s,
64772,2684,Well,29,76,6,9,405,4,11,d,16,d .,,32,,
63987,1899,Well,21,91,8,15,405,3,11,d,25,,,65,,
63305,1217,Well,15,9,3,11,405,1,16,d,,,,,,
66007,3919,Well,43,71,4,2,405,3,18,d,18,d .,,16,d,
65716,3628,Well,40,53,5,7,405,1,21,d,28,f,,51,,
63307,1219,Well,15,11,3,11,405,3,22,d,35,d .,,90,,
62710,622,Well,9,14,1,13,405,2,25,d,26,d .,,30,d,
66006,3918,Well,43,70,4,2,405,2,25,d,36,f,,57,,
65640,3552,Well,39,40,2,2,405,4,27,d,42,,,43,s,
65639,3551,Well,39,39,2,2,405,3,30,d,20,d f,,34,k/d,
64770,2682,Well,29,74,6,9,405,2,21,f .,28,,,62,,
63986,1898,Well,21,90,8,15,405,2,17,t,27,,,32,s,
65638,3550,Well,39,38,2,2,405,2,20,t,21,d f,,32,k,
62665,577,Well,8,32,7,6,405,4,21,t,37,,,60,k,
64769,2681,Well,29,73,6,9,405,1,22,t,32,,,92,,
62668,580,Well,8,29,7,6,405,1,26,t,31,d f,,78,,
63308,1220,Well,15,12,3,11,405,4,28,t,36,,,42,ck,
65637,3549,Well,39,37,2,2,405,1,28,t,41,f,,93,,
66005,3917,Well,43,69,4,2,405,1,30,t,38,f,,78,,
63985,1897,Well,21,89,8,15,405,1,30,t,63,,,121,,
69428,2904,Whit,88,23,3,3,405,4,21,,85,,,139,2,
69626,3102,Whit,30,25,5,12,405,2,22,,40,,,75,1,
69426,2902,Whit,86,23,3,3,405,2,25,,62,,,100,1,
69427,2903,Whit,87,23,3,3,405,3,26,,42,,,72,1,
67847,1323,Whit,43,11,1,16,405,3,26,,,,,,3,Dead
69425,2901,Whit,85,23,3,3,405,1,29,,69,,,94,1 kd,
67871,1347,Whit,67,11,7,12,405,3,31,,57,,,,3,Dead
69464,2940,Whit,124,23,8,3,405,4,31,,,,,,3,Dead
67599,1075,Whit,51,9,4,2,405,3,32,,68,k,,134,1,
69461,2937,Whit,121,23,8,3,405,1,33,,71,,,163,1,
68318,1794,Whit,2,15,2,14,405,2,33,,36,k f,,,3,Dead
68319,1795,Whit,3,15,2,14,405,3,33,,38,k d,,,3,Dead
67846,1322,Whit,42,11,1,16,405,2,34,,26,b d,,63,1 Tn,
67848,1324,Whit,44,11,1,16,405,4,34,,78,,,78,1 Tn,
69628,3104,Whit,32,25,5,12,405,4,34,,64,,,156,1,
67869,1345,Whit,65,11,7,12,405,1,35,,63,,,111,1 d,
67598,1074,Whit,50,9,4,2,405,2,36,,79,,,116,1 kl Tn,
67870,1346,Whit,66,11,7,12,405,2,37,,72,,,104,1 k,
67600,1076,Whit,52,9,4,2,405,4,37,,55,i d,,140,1,
67872,1348,Whit,68,11,7,12,405,4,38,,85,k,,141,1,
67845,1321,Whit,41,11,1,16,405,1,39,,88,,,193,1,
68673,2149,Whit,101,17,6,8,405,1,41,,58,k,,72,1,
69462,2938,Whit,122,23,8,3,405,2,41,,47,d k,,81,1,
69463,2939,Whit,123,23,8,3,405,3,46,,60,d k,,155,2 kd,
68320,1796,Whit,4,15,2,14,405,4,48,,68,d,,104,1 Tn Kl,
69627,3103,Whit,31,25,5,12,405,3,15,d,,,,,3,Dead
68674,2150,Whit,102,17,6,8,405,2,15,d,,,,,3,Dead
68676,2152,Whit,104,17,6,8,405,4,16,d,29,d,,36,1,
68675,2151,Whit,103,17,6,8,405,3,20,d,47,,,92,1,
69625,3101,Whit,29,25,5,12,405,1,23,d,46,,,44,2,
68317,1793,Whit,1,15,2,14,405,1,27,d,51,,,74,1 Kl,
67597,1073,Whit,49,9,4,2,405,1,27,d,58,k d,,103,1,
183,183,Cran,3,55,6,5,406,3,27,,36,,,70,a,
765,765,Cran,12,4,1,8,406,4,28,,39,,,53,,
2072,2072,Cran,33,40,4,16,406,4,28,,50,,,89,a,
184,184,Cran,3,56,6,5,406,4,29,,35,,,59,a,
1708,1708,Cran,27,44,5,7,406,4,29,,48,,,74,w,
4042,4042,Cran,64,71,8,14,406,3,30,,45,,,67,,
767,767,Cran,12,2,1,8,406,2,30,,42,,,70,,
1341,1341,Cran,21,61,7,6,406,1,31,,36,,,62,,
2069,2069,Cran,33,37,4,16,406,1,31,,44,,,84,,
181,181,Cran,3,53,6,5,406,1,31,,39,,,84,a,
1344,1344,Cran,21,64,7,6,406,4,32,,46,,,113,a,
768,768,Cran,12,1,1,8,406,1,33,,37,,,45,,
766,766,Cran,12,3,1,8,406,3,33,,45,,,84,,
2070,2070,Cran,33,38,4,16,406,2,34,,42,,,71,a,
1343,1343,Cran,21,63,7,6,406,3,34,,44,,,103,a,
4043,4043,Cran,64,70,8,14,406,2,35,,46,,,83,a,
1342,1342,Cran,21,62,7,6,406,2,35,,41,,,85,,
3843,3843,Cran,61,19,2,7,406,3,38,,51,,,116,a,
3844,3844,Cran,61,20,2,7,406,4,38,,55,,,160,a,
4044,4044,Cran,64,69,8,14,406,1,39,,52,,,89,a,
2929,2929,Cran,46,32,3,4,406,4,39,,56,,,100,,
182,182,Cran,3,54,6,5,406,2,41,,49,,,129,,
2932,2932,Cran,46,29,3,4,406,1,42,,54,,,96,a,
2071,2071,Cran,33,39,4,16,406,3,42,,56,,,121,a,
3842,3842,Cran,61,18,2,7,406,2,42,,64,,,201,a,
1707,1707,Cran,27,43,5,7,406,3,43,,53,,,114,a,
4041,4041,Cran,64,72,8,14,406,4,44,,52,,,71,a,
2930,2930,Cran,46,31,3,4,406,3,44,,53,,,99,,
1706,1706,Cran,27,42,5,7,406,2,45,,58,,,73,,
3841,3841,Cran,61,17,2,7,406,1,46,,60,,,110,a,
1705,1705,Cran,27,41,5,7,406,1,48,,67,,,82,a,
2931,2931,Cran,46,30,3,4,406,2,48,,61,,,104,a,
7769,3673,Dunc,37,105,5,5,406,1,35,,73,,,120,,
6549,2453,Dunc,28,60,4,3,406,4,46,,92,,,150,,
7771,3675,Dunc,37,107,5,5,406,3,46,,105,,,180,,
7202,3106,Dunc,33,66,3,12,406,2,47,,69,,,124,,
4283,187,Dunc,4,90,1,3,406,2,47,,110,,,163,,
6189,2093,Dunc,25,109,8,9,406,1,49,,84,,,,,
4284,188,Dunc,4,89,1,3,406,1,50,,,,,,,
6551,2455,Dunc,28,58,4,3,406,2,52,,69,,,120,,
4281,185,Dunc,4,92,1,3,406,4,53,,82,,,,,
7443,3347,Dunc,35,43,2,16,406,3,53,,68,c,,,,
6192,2096,Dunc,25,112,8,9,406,4,55,,90,,,136,,
7204,3108,Dunc,33,68,3,12,406,4,57,,86,,,169,,
7770,3674,Dunc,37,106,5,5,406,2,58,,110,,,179,,
6190,2094,Dunc,25,110,8,9,406,2,59,,98,,,150,,
7441,3345,Dunc,35,41,2,16,406,1,60,,105,,,158,,
4442,346,Dunc,8,123,6,1,406,3,60,,109,,,,,
4444,348,Dunc,8,121,6,1,406,1,61,,73,,,,,
6550,2454,Dunc,28,59,4,3,406,3,62,,,,,,,
8191,4095,Dunc,40,2,7,8,406,2,62,,101,,,,,
7772,3676,Dunc,37,108,5,5,406,4,64,,116,,,207,,
7444,3348,Dunc,35,44,2,16,406,4,65,,92,,,,,
6552,2456,Dunc,28,57,4,3,406,1,68,,79,,,135,,
7203,3107,Dunc,33,67,3,12,406,3,68,,114,,,194,,
4441,345,Dunc,8,124,6,1,406,4,68,,,,,,,
4443,347,Dunc,8,122,6,1,406,2,71,,97,,,,,
7201,3105,Dunc,33,65,3,12,406,1,72,,113,,,206,,
8190,4094,Dunc,40,3,7,8,406,3,72,,103,,,209,,
8192,4096,Dunc,40,1,7,8,406,1,73,,105,,,217,,
8189,4093,Dunc,40,4,7,8,406,4,74,,122,,,200,,
7442,3346,Dunc,35,42,2,16,406,2,76,,120,,,178,,
6191,2095,Dunc,25,111,8,9,406,3,80,,125,,,184,,
4282,186,Dunc,4,91,1,3,406,3,85,,122,,,160,,
11929,3737,Ftne,44,40,4,13,406,4,31,,77,,,131,,
10491,2299,Ftne,28,70,8,14,406,2,32,,48,,,100,,
11932,3740,Ftne,44,37,4,13,406,1,34,,80,,,140,,
10492,2300,Ftne,28,69,8,14,406,1,37,,51,,,105,,
11488,3296,Ftne,39,48,6,8,406,4,38,,94,,,196,,
10490,2298,Ftne,28,71,8,14,406,3,38,,107,,,236,,
11485,3293,Ftne,39,45,6,8,406,1,39,,85,d,,110,,
9536,1344,Ftne,16,1,3,3,406,1,39,,83,,,120,,
10761,2569,Ftne,31,25,7,9,406,1,39,,105,,,140,,
8252,60,Ftne,1,60,5,7,406,4,39,,106,,,200,,
11931,3739,Ftne,44,38,4,13,406,2,40,,118,,,140,,
8251,59,Ftne,1,59,5,7,406,3,41,,80,d,,140,,
9534,1342,Ftne,16,3,3,3,406,3,43,,93,,,135,,
10489,2297,Ftne,28,72,8,14,406,4,43,,66,,,,,
9354,1162,Ftne,14,15,2,13,406,3,45,,89,,,146,,
8250,58,Ftne,1,58,5,7,406,2,45,,115,,,200,,
9356,1164,Ftne,14,13,2,13,406,1,49,,102,,,130,,
10763,2571,Ftne,31,27,7,9,406,3,50,,104,,,147,,
8249,57,Ftne,1,57,5,7,406,1,50,,134,,,201,,
11008,2816,Ftne,34,81,1,16,406,1,50,,97,,,205,,
9353,1161,Ftne,14,16,2,13,406,4,51,,110,,,143,,
9355,1163,Ftne,14,14,2,13,406,2,54,,90,,,197,,
11007,2815,Ftne,34,82,1,16,406,2,57,,73,,,138,,
10764,2572,Ftne,31,28,7,9,406,4,59,,100,,,168,,
11486,3294,Ftne,39,46,6,8,406,2,,,102,c k,,195,,
9533,1341,Ftne,16,4,3,3,406,4,,,,,,,,
11487,3295,Ftne,39,47,6,8,406,3,,,,,,,,
11930,3738,Ftne,44,39,4,13,406,3,24,c,35,,,90,,
11006,2814,Ftne,34,83,1,16,406,3,34,ll,73,,,168,,
10762,2570,Ftne,31,26,7,9,406,2,46,ll,,,,,,
9535,1343,Ftne,16,2,3,3,406,2,37,t,103,,,188,,
11005,2813,Ftne,34,84,1,16,406,4,44,t,91,d,,191,,
14196,1876,Harr,29,64,3,7,406,4,24,,65,,,88,,
12925,605,Harr,12,28,2,16,406,4,37,,71,,,102,,
14193,1873,Harr,29,61,3,7,406,1,40,,86,,,117,,
13371,1051,Harr,18,2,4,11,406,2,43,,75,k,,151,,
14195,1875,Harr,29,63,3,7,406,3,45,,100,,,171,,
12759,439,Harr,9,51,6,1,406,3,50,,138,,,251,,
13566,1246,Harr,21,42,1,6,406,2,50,,180,,,272,,
13567,1247,Harr,21,43,1,6,406,3,51,,128,,,191,w,
13090,770,Harr,15,10,8,3,406,2,53,,141,,,218,w,
13370,1050,Harr,18,3,4,11,406,3,53,,119,,,222,,
13568,1248,Harr,21,44,1,6,406,4,53,,119,,,224,,
13603,1283,Harr,22,74,5,9,406,2,54,,119,,,188,,
14194,1874,Harr,29,62,3,7,406,2,55,,120,,,231,,
13092,772,Harr,15,12,8,3,406,4,56,,88,,,180,,
12405,85,Harr,3,29,7,2,406,1,62,,124,,,222,,
12928,608,Harr,12,25,2,16,406,1,62,,132,,,258,,
13089,769,Harr,15,9,8,3,406,1,63,,107,,,192,,
12927,607,Harr,12,26,2,16,406,2,63,,105,,,210,w,
13369,1049,Harr,18,4,4,11,406,4,66,,169,,,282,w,
13602,1282,Harr,22,75,5,9,406,3,67,,132,,,194,,
12407,87,Harr,3,31,7,2,406,3,67,,123,,,214,k,
12757,437,Harr,9,49,6,1,406,1,67,,157,,,251,,
13604,1284,Harr,22,73,5,9,406,1,72,,152,,,221,,
12406,86,Harr,3,30,7,2,406,2,75,,150,,,228,,
13091,771,Harr,15,11,8,3,406,3,76,,133,,,254,,
12760,440,Harr,9,52,6,1,406,4,84,,147,,,214,,
12926,606,Harr,12,27,2,16,406,3,85,,203,,,248,b,
13601,1281,Harr,22,76,5,9,406,4,85,,217,,,348,,
13565,1245,Harr,21,41,1,6,406,1,45,k,93,,,138,,
12758,438,Harr,9,50,6,1,406,2,62,k,171,,,248,,
13372,1052,Harr,18,1,4,11,406,1,64,k,175,,,321,,
12408,88,Harr,3,32,7,2,406,4,72,k,171,,,301,k,
18343,1831,High,58,26,5,4,406,2,23,,,,,,3,
18029,1517,High,48,20,2,14,406,4,,,,,,,3,
18407,1895,High,60,26,5,4,406,4,,,,,,,3,
16791,279,High,9,23,6,14,406,1,,,,,,,3,
16874,362,High,12,23,6,14,406,4,,,,,,,3,
19663,3151,High,99,15,8,2,406,3,,,,,,,3,
16855,343,High,11,23,6,14,406,3,22,c f,22,k d,,38,1 k,
17965,1453,High,46,20,2,14,406,2,3,d,,,,,3,
18627,2115,High,67,3,1,3,406,3,9,d,12,k d,,24,1 d,
19538,3026,High,95,18,4,7,406,3,12,d,25,k d,,34,1 kd,
17518,1006,High,32,19,3,15,406,4,14,d,14,k d,,20,1 kd,
18004,1492,High,47,20,2,14,406,3,14,d,,,,,3,
19599,3087,High,97,15,8,2,406,1,19,d,24,k d,,26,1 dk,
20308,3796,High,119,20,7,15,406,3,20,d,,,,,3,
19698,3186,High,100,15,8,2,406,4,21,d,15,k d,,,3,
18563,2051,High,65,3,1,3,406,1,22,d,11,k d,,24,1 d,
19634,3122,High,98,15,8,2,406,2,24,d,19,d,,26,1 dk,
18686,2174,High,68,3,1,3,406,4,18,d c,10,k d,,14,1 d,
17427,915,High,29,19,3,15,406,1,21,d c,10,k d,,13,1 dk,
20244,3732,High,117,20,7,15,406,1,21,d c,28,d k,,38,1 dk,
16810,298,High,10,23,6,14,406,2,24,d c,23,k d,,37,1 k,
18394,1882,High,59,26,5,4,406,3,29,d c,29,k d,,36,1 dc,
19567,3055,High,96,18,4,7,406,4,19,d f,23,k d,,56,1 k,
20333,3821,High,120,20,7,15,406,4,19,d f,17,k d,,,3,
19474,2962,High,93,18,4,7,406,1,22,d f,17,k d,,,3,
17454,942,High,30,19,3,15,406,2,24,d f,18,k d,,28,1 kd,
19503,2991,High,94,18,4,7,406,2,24,d f,36,k d,,40,1 dk,
17491,979,High,31,19,3,15,406,3,24,d f,23,k d,,44,1 kd,
18622,2110,High,66,3,1,3,406,2,20,f,14,k d,,30,2 kd,
17940,1428,High,45,20,2,14,406,1,23,f,22,k d,,35,1 dk,
20269,3757,High,118,20,7,15,406,2,25,f,25,k d,,24,1 kd,
18330,1818,High,57,26,5,4,406,1,29,f,27,c d,,,3,
22677,2069,Jord,32,25,5,2,406,3,44,,108,,,170,,
21802,1194,Jord,67,35,8,5,406,4,45,,82,,,127,,
23043,2435,Jord,2,21,4,6,406,3,45,,122,,,164,,
23776,3168,Jord,60,12,3,8,406,3,45,,107,,,172,,
20861,253,Jord,1,46,1,12,406,4,46,,78,d,,160,,
22977,2369,Jord,68,21,2,10,406,4,48,,96,,,153,,
22975,2367,Jord,70,21,2,10,406,2,48,,153,,,244,,
21801,1193,Jord,68,35,8,5,406,3,50,,116,,,182,,
21800,1192,Jord,69,35,8,5,406,2,50,,87,,,,,
22974,2366,Jord,71,21,2,10,406,1,52,,121,,,177,,
21493,885,Jord,40,39,6,16,406,1,53,,93,,,165,,
22676,2068,Jord,33,25,5,2,406,2,54,,129,,,204,,
20858,250,Jord,3,47,1,12,406,1,54,,141,,,272,,
23774,3166,Jord,58,12,3,8,406,1,55,,127,,,177,,
20922,314,Jord,62,46,7,9,406,3,55,,121,,,180,k,
22675,2067,Jord,34,25,5,2,406,1,58,,127,,,180,,
20921,313,Jord,61,46,7,9,406,2,58,,144,,,252,,
21496,888,Jord,37,39,6,16,406,4,58,,96,,,,,
23777,3169,Jord,61,12,3,8,406,4,59,,119,,,205,,
23042,2434,Jord,3,21,4,6,406,2,60,,129,,,194,,
22976,2368,Jord,69,21,2,10,406,3,60,,138,,,195,,
22678,2070,Jord,31,25,5,2,406,4,62,,101,,,161,w,
21494,886,Jord,39,39,6,16,406,2,62,,132,,,183,,
23775,3167,Jord,59,12,3,8,406,2,62,,121,,,185,,
21799,1191,Jord,70,35,8,5,406,1,65,,124,,,178,,
23041,2433,Jord,4,21,4,6,406,1,65,,153,,,227,,
20860,252,Jord,1,47,1,12,406,3,65,,145,,,295,,
21495,887,Jord,38,39,6,16,406,3,70,,112,,,179,,
20923,315,Jord,63,46,7,9,406,4,70,,147,,,225,,
20920,312,Jord,60,46,7,9,406,1,73,,183,,,283,k,
20859,251,Jord,2,47,1,12,406,2,25,c,30,,,,,
23044,2436,Jord,1,21,4,6,406,4,39,m,69,,,106,,
27423,2699,Kala,22,10,7,6,406,2,26,,51,,,,,
27747,3023,Kala,17,31,1,2,406,3,27,,37,,,,,
27422,2698,Kala,22,11,7,6,406,3,30,,,,,,,
25587,863,Kala,45,63,3,12,406,3,34,,45,,,,,
25586,862,Kala,45,62,3,12,406,2,35,,60,,,110,,
26088,1364,Kala,38,65,8,2,406,1,35,,68,,,164,,
27421,2697,Kala,22,12,7,6,406,4,35,,,,,,,
26086,1362,Kala,38,67,8,2,406,3,35,,55,,,,,
26087,1363,Kala,38,66,8,2,406,2,37,,56,,,,,
24975,251,Kala,54,6,4,14,406,2,38,,44,w,,79,,
24976,252,Kala,54,5,4,14,406,1,39,,45,w,,82,i,
24974,250,Kala,54,7,4,14,406,3,40,,55,,,101,i,
25141,417,Kala,51,25,6,12,406,1,40,,46,,,,,
28578,3854,Kala,5,46,5,10,406,2,41,,67,,,,,
28579,3855,Kala,5,47,5,10,406,3,42,,67,,,137,i,
26355,1631,Kala,35,43,2,7,406,3,42,,62,,,,,
26356,1632,Kala,35,44,2,7,406,4,48,,58,d,,69,t,
24973,249,Kala,54,8,4,14,406,4,49,,51,,,86,,
28577,3853,Kala,5,45,5,10,406,1,49,,80,,,143,,
26354,1630,Kala,35,42,2,7,406,2,55,,,,,,,
27746,3022,Kala,17,30,1,2,406,2,,,,,,,,
27748,3024,Kala,17,32,1,2,406,4,,,,,,,,
25588,864,Kala,45,64,3,12,406,4,,,,,,,,
25142,418,Kala,51,26,6,12,406,2,,,,,,,,
25143,419,Kala,51,27,6,12,406,3,,,,,,,,
25144,420,Kala,51,28,6,12,406,4,,,,,,,,
27424,2700,Kala,22,9,7,6,406,1,,,,,,,,
26085,1361,Kala,38,68,8,2,406,4,,,,,,,,
26353,1629,Kala,35,41,2,7,406,1,55,d,63,w,,,,
25585,861,Kala,45,61,3,12,406,1,31,t,,,,,,
28580,3856,Kala,5,48,5,10,406,4,36,t,68,,,102,i,
27745,3021,Kala,17,29,1,2,406,1,44,t,67,,,,,
30441,1633,Mayo,26,32,1,13,406,4,,,,,,,,
30442,1634,Mayo,26,31,1,13,406,3,,,,,,,,
30443,1635,Mayo,26,30,1,13,406,2,,,,,,,,
30444,1636,Mayo,26,29,1,13,406,1,,,,,,,,
32525,3717,Mayo,59,5,2,9,406,1,,,,,,,,
32526,3718,Mayo,59,6,2,9,406,2,,,,,,,,
32528,3720,Mayo,59,8,2,9,406,4,,,,,,,,
31565,2757,Mayo,44,60,3,7,406,4,,,,,,,,
31566,2758,Mayo,44,59,3,7,406,3,,,,,,,,
31567,2759,Mayo,44,58,3,7,406,2,,,,,,,,
31568,2760,Mayo,44,57,3,7,406,1,,,,,,,,
29085,277,Mayo,5,21,4,9,406,1,,,,,,,,
29087,279,Mayo,5,23,4,9,406,3,,,,,,,,
29088,280,Mayo,5,24,4,9,406,4,,,,,,,,
31634,2826,Mayo,45,10,5,11,406,2,,,,,,,,
31635,2827,Mayo,45,11,5,11,406,3,,,,,,,,
31636,2828,Mayo,45,12,5,11,406,4,,,,,,,,
29353,545,Mayo,9,33,6,16,406,1,,,,,,,,
29354,546,Mayo,9,34,6,16,406,2,,,,,,,,
29355,547,Mayo,9,35,6,16,406,3,,,,,,,,
29356,548,Mayo,9,36,6,16,406,4,,,,,,,,
32725,3917,Mayo,62,52,7,13,406,4,,,,,,,,
32726,3918,Mayo,62,51,7,13,406,3,,,,,,,,
32727,3919,Mayo,62,50,7,13,406,2,,,,,,,,
31069,2261,Mayo,36,44,8,9,406,4,,,,,,,,
31070,2262,Mayo,36,43,8,9,406,3,,,,,,,,
31071,2263,Mayo,36,42,8,9,406,2,,,,,,,,
31072,2264,Mayo,36,41,8,9,406,1,,,,,,,,
32728,3920,Mayo,62,49,7,13,406,1,3,d,,,,,,
29086,278,Mayo,5,22,4,9,406,2,4,d,,,,,,
32527,3719,Mayo,59,7,2,9,406,3,5,d,,,,,,
31633,2825,Mayo,45,9,5,11,406,1,7,d,7,d,,8,,
33189,285,Naku,4,36,3,9,406,4,36,,58,,,86,w,
34392,1488,Naku,19,48,7,14,406,4,41,,62,,,114,,
33291,387,Naku,5,67,4,1,406,3,42,,55,,,89,,
35309,2405,Naku,31,29,6,15,406,1,42,,60,,,97,,
33292,388,Naku,5,68,4,1,406,4,43,,57,,,78,,
35310,2406,Naku,31,30,6,15,406,2,43,,60,,,92,w,
35311,2407,Naku,31,31,6,15,406,3,43,,72,,,121,,
34105,1201,Naku,16,80,8,1,406,4,43,,60,,,122,,
35573,2669,Naku,34,12,1,5,406,4,43,,64,,,,,
34108,1204,Naku,16,77,8,1,406,1,45,,65,,,100,,
34107,1203,Naku,16,78,8,1,406,2,46,,61,,,108,,
33215,311,Naku,4,10,5,11,406,2,46,,79,,,138,,
34106,1202,Naku,16,79,8,1,406,3,47,,68,,,91,,
33216,312,Naku,4,9,5,11,406,1,47,,76,,,111,c,
33213,309,Naku,4,12,5,11,406,4,47,,66,,,,,
35575,2671,Naku,34,10,1,5,406,2,49,,73,,,114,,
35484,2580,Naku,33,52,2,8,406,4,50,,69,,,80,,
33290,386,Naku,5,66,4,1,406,2,50,,74,,,118,,
33214,310,Naku,4,11,5,11,406,3,52,,69,,,94,,
33192,288,Naku,4,33,3,9,406,1,52,,87,,,110,,
35312,2408,Naku,31,32,6,15,406,4,52,,77,,,115,,
34389,1485,Naku,19,45,7,14,406,1,54,,80,,,121,,
33289,385,Naku,5,65,4,1,406,1,55,,75,,,116,,
35481,2577,Naku,33,49,2,8,406,1,55,,81,,,120,w,
33191,287,Naku,4,34,3,9,406,2,56,,71,,,102,,
35574,2670,Naku,34,11,1,5,406,3,57,,75,,,98,,
35576,2672,Naku,34,9,1,5,406,1,58,,72,,,94,,
34390,1486,Naku,19,46,7,14,406,2,64,,85,,,115,,
35482,2578,Naku,33,50,2,8,406,2,71,,85,,,,,
35483,2579,Naku,33,51,2,8,406,3,49,k,55,,,144,,
33190,286,Naku,4,35,3,9,406,3,40,t,78,,,115,w,
34391,1487,Naku,19,47,7,14,406,3,46,t,81,,,117,,
40132,3132,Pars,60,25,5,12,406,4,34,,74,,,182,,
39179,2179,Pars,126,18,6,10,406,2,36,,60,,,81,,
37171,171,Pars,86,2,4,9,406,2,37,,79,,,81,w,
38532,1532,Pars,5,12,7,2,406,1,37,,53,,,130,w,
38531,1531,Pars,6,12,7,2,406,2,40,,52,c d,,71,,
37169,169,Pars,88,2,4,9,406,4,40,,77,,,125,,
38683,1683,Pars,110,14,1,9,406,2,40,,72,,,150,,
38530,1530,Pars,7,12,7,2,406,3,40,,103,,,165,w,
38682,1682,Pars,111,14,1,9,406,3,41,,91,,,200,,
37172,172,Pars,85,2,4,9,406,1,42,,97,,,123,,
37170,170,Pars,87,2,4,9,406,3,43,,78,,,89,,
37473,473,Pars,40,4,3,16,406,4,45,,68,,,100,,
38684,1684,Pars,109,14,1,9,406,1,45,,111,,,155,w,
38311,1311,Pars,31,11,8,8,406,3,45,,91,,,171,,
38312,1312,Pars,32,11,8,8,406,4,45,,76,,,175,,
39177,2177,Pars,128,18,6,10,406,4,45,,107,,,248,,
39178,2178,Pars,127,18,6,10,406,3,46,,62,,,103,,
38529,1529,Pars,8,12,7,2,406,4,49,,124,,,160,wk,
38310,1310,Pars,30,11,8,8,406,2,49,,111,,,210,,
37072,72,Pars,72,1,2,3,406,4,50,,73,,,100,,
38309,1309,Pars,29,11,8,8,406,1,50,,111,,,202,,
40129,3129,Pars,57,25,5,12,406,1,52,,76,,,156,,
37071,71,Pars,71,1,2,3,406,3,54,,84,,,160,,
40130,3130,Pars,58,25,5,12,406,2,55,,86,,,220,,
38681,1681,Pars,112,14,1,9,406,4,61,,124,,,170,w,
37475,475,Pars,38,4,3,16,406,2,,,,,,,,
37476,476,Pars,37,4,3,16,406,1,,,,,,,,
37474,474,Pars,39,4,3,16,406,3,37,c,40,s,,,,
39180,2180,Pars,125,18,6,10,406,1,20,d c,21,c p,,,,
37070,70,Pars,70,1,2,3,406,2,66,g,93,,,232,,
37069,69,Pars,69,1,2,3,406,1,67,g,107,,,225,,
40131,3131,Pars,59,25,5,12,406,3,47,k,50,c p,,,,
43318,2222,Pine,83,18,2,7,406,3,25,,74,,,194,,
43320,2224,Pine,81,18,2,7,406,1,27,,62,,,114,k/w,
42680,1584,Pine,48,13,3,4,406,4,29,,54,,,120,,
45475,4379,Pine,27,35,8,5,406,3,32,,54,,,126,,
42679,1583,Pine,47,13,3,4,406,3,35,,69,,,138,,
42775,1679,Pine,114,14,4,15,406,2,36,,72,,,120,,
43317,2221,Pine,84,18,2,7,406,4,36,,55,,,152,,
41922,826,Pine,58,7,5,6,406,2,36,,95,,,200,,
41935,839,Pine,71,7,1,9,406,3,37,,85,,,127,,
41924,828,Pine,60,7,5,6,406,4,37,,87,,,211,w,
43319,2223,Pine,82,18,2,7,406,2,37,,93,,,261,,
45602,4506,Pine,103,36,7,8,406,3,38,,47,,,68,,
42773,1677,Pine,116,14,4,15,406,4,38,,57,,,80,,
45603,4507,Pine,102,36,7,8,406,2,41,,50,,,55,,
42774,1678,Pine,115,14,4,15,406,3,41,,67,,,120,w,
45601,4505,Pine,104,36,7,8,406,4,42,,52,,,55,s,
42678,1582,Pine,46,13,3,4,406,2,42,,55,d .,,77,s,
42643,1547,Pine,11,13,6,13,406,3,42,,88,,,175,k/w,
41921,825,Pine,57,7,5,6,406,1,42,,102,,,240,,
41934,838,Pine,70,7,1,9,406,2,44,,86,,,136,w,
41936,840,Pine,72,7,1,9,406,4,44,,89,,,170,w,
41923,827,Pine,59,7,5,6,406,3,44,,89,,,315,,
41933,837,Pine,69,7,1,9,406,1,45,,82,,,172,,
42642,1546,Pine,10,13,6,13,406,2,47,,116,,,248,k/w,
45473,4377,Pine,25,35,8,5,406,1,48,,96,,,225,,
42641,1545,Pine,9,13,6,13,406,1,49,,107,,,180,k/w,
42644,1548,Pine,12,13,6,13,406,4,51,,112,,,191,w,
42677,1581,Pine,45,13,3,4,406,1,,,,,,,,
45604,4508,Pine,101,36,7,8,406,1,36,d,45,,,55,,
45474,4378,Pine,26,35,8,5,406,2,45,f,,,,,,
45476,4380,Pine,28,35,8,5,406,4,32,t,50,,,77,,
42776,1680,Pine,113,14,4,15,406,1,35,t,80,,,118,k/w,
49768,4064,Reve,33,88,6,1,406,1,40,,52,,,77,,
47228,1524,Reve,20,35,7,9,406,4,41,,115,,,,,
47051,1347,Reve,27,31,8,8,406,3,42,,65,,,120,,
47050,1346,Reve,26,31,8,8,406,2,42,,72,d w,,138,w,
49787,4083,Reve,14,88,1,10,406,2,43,,95,,,145,,
46095,391,Reve,39,9,3,3,406,3,43,,79,,,153,,
46934,1230,Reve,3,28,2,5,406,3,45,,88,,,155,,
49767,4063,Reve,34,88,6,1,406,2,46,,64,,,110,,
47052,1348,Reve,28,31,8,8,406,4,46,,114,,,128,k,
47227,1523,Reve,19,35,7,9,406,3,47,,78,,,112,w,
49765,4061,Reve,36,88,6,1,406,4,48,,70,,,97,,
46893,1189,Reve,44,28,4,4,406,4,48,,78,i,,131,,
46895,1191,Reve,42,28,4,4,406,2,48,,114,,,171,,
46894,1190,Reve,43,28,4,4,406,3,48,,,,,,,
46933,1229,Reve,4,28,2,5,406,4,50,,94,,,130,w,
49766,4062,Reve,35,88,6,1,406,3,52,,88,,,103,,
46896,1192,Reve,41,28,4,4,406,1,52,,87,,,134,,
46094,390,Reve,38,9,3,3,406,2,53,,93,,,137,w,
46093,389,Reve,37,9,3,3,406,1,54,,74,,,117,w,
46935,1231,Reve,2,28,2,5,406,2,55,,100,w,,152,wk,
46941,1237,Reve,5,29,5,8,406,1,57,,138,,,194,,
46936,1232,Reve,1,28,2,5,406,1,58,,,,,,,
49788,4084,Reve,13,88,1,10,406,1,59,,100,,,131,w,
46944,1240,Reve,8,29,5,8,406,4,59,,112,,,159,,
46942,1238,Reve,6,29,5,8,406,2,60,,109,,,147,w,
47226,1522,Reve,18,35,7,9,406,2,60,,105,,,155,w,
47049,1345,Reve,25,31,8,8,406,1,60,,111,,,172,w,
49786,4082,Reve,15,88,1,10,406,3,70,,100,,,132,w,
46943,1239,Reve,7,29,5,8,406,3,71,,159,,,178,wc,
49785,4081,Reve,16,88,1,10,406,4,73,,100,,,122,w,
47225,1521,Reve,17,35,7,9,406,1,78,,134,,,180,w,
46096,392,Reve,40,9,3,3,406,4,,,,,,,,
52282,2482,Skim,20,79,5,10,406,3,30,,81,,,123,,
53585,3785,Skim,30,56,8,11,406,4,37,,99,d,,139,i,
53037,3237,Skim,26,92,1,8,406,4,40,,69,w,,125,i,
53038,3238,Skim,26,91,1,8,406,3,44,,90,,,133,i,
52464,2664,Skim,21,104,2,7,406,4,44,,96,,,139,i,
52835,3035,Skim,24,38,3,16,406,2,44,,150,,,188,i k,
52284,2484,Skim,20,77,5,10,406,1,46,,108,d,,131,i,
53587,3787,Skim,30,54,8,11,406,2,46,,123,,,148,i,
53039,3239,Skim,26,90,1,8,406,2,49,,110,,,190,i,
51982,2182,Skim,18,123,6,11,406,3,51,,100,,,133,i,
52833,3033,Skim,24,40,3,16,406,4,52,,123,,,126,i,
52462,2662,Skim,21,102,2,7,406,2,53,,141,k,,199,i k,
51983,2183,Skim,18,122,6,11,406,2,54,,117,d,,159,i,
52283,2483,Skim,20,78,5,10,406,2,55,,118,,,165,i,
53588,3788,Skim,30,53,8,11,406,1,59,,94,w k,,167,i,
52461,2661,Skim,21,101,2,7,406,1,59,,136,d,,180,i,
52836,3036,Skim,24,37,3,16,406,1,59,,176,,,222,i,
51307,1507,Skim,12,30,4,16,406,2,60,,123,,,165,,
51981,2181,Skim,18,124,6,11,406,4,62,,93,w k,,154,,
53586,3786,Skim,30,55,8,11,406,3,69,,127,w,,191,i,
50562,762,Skim,6,7,7,15,406,3,69,,135,k,,224,i,
51308,1508,Skim,12,29,4,16,406,1,40,k,124,,,182,i,
51305,1505,Skim,12,32,4,16,406,4,49,k,112,,,200,,
50564,764,Skim,6,5,7,15,406,1,57,k,137,,,279,,
50563,763,Skim,6,6,7,15,406,2,61,k,107,,,264,,
53040,3240,Skim,26,89,1,8,406,1,25,T,80,,,110,i,
52463,2663,Skim,21,103,2,7,406,3,36,T,62,,,118,,
52281,2481,Skim,20,80,5,10,406,4,41,T,88,w k,,137,i,
52834,3034,Skim,24,39,3,16,406,3,44,T,109,,,173,i,
51984,2184,Skim,18,121,6,11,406,1,44,T,116,,,178,,
51306,1506,Skim,12,31,4,16,406,3,62,T,144,,,184,i,
50561,761,Skim,6,8,7,15,406,4,40,T k,93,d,,333,,
55269,1373,Terr,54,36,1,1,406,4,25,,34,,,38,,
57051,3155,Terr,18,46,8,8,406,2,27,,37,,,79,,
57049,3153,Terr,18,48,8,8,406,4,30,,53,,,102,,
55064,1168,Terr,51,16,3,14,406,4,31,,73,,,129,,
55062,1166,Terr,51,14,3,14,406,2,32,,51,,,73,,
55063,1167,Terr,51,15,3,14,406,3,32,,75,,,110,,
55271,1375,Terr,54,34,1,1,406,2,32,,71,,,114,,
57052,3156,Terr,18,45,8,8,406,1,36,,44,,,67,,
55270,1374,Terr,54,35,1,1,406,3,36,,83,,,117,W,
56319,2423,Terr,6,10,7,8,406,2,37,,62,,,90,,
55335,1439,Terr,55,31,2,11,406,3,37,,72,,,115,,
57050,3154,Terr,18,47,8,8,406,3,37,,68,,,120,,
56317,2421,Terr,6,12,7,8,406,4,37,,60,w,,121,,
56318,2422,Terr,6,11,7,8,406,3,38,,58,,,98,,
55336,1440,Terr,55,32,2,11,406,4,41,,60,,,90,,
55061,1165,Terr,51,13,3,14,406,1,41,,67,,,132,,
55239,1343,Terr,53,63,5,5,406,3,41,,85,,,161,,
57886,3990,Terr,31,22,6,14,406,2,44,,63,,,84,,
55240,1344,Terr,53,64,5,5,406,4,44,,105,,,179,,
56320,2424,Terr,6,9,7,8,406,1,45,,102,,,177,,
57888,3992,Terr,31,24,6,14,406,4,45,,102,,,184,,
55272,1376,Terr,54,33,1,1,406,1,47,,95,,,154,,
57887,3991,Terr,31,23,6,14,406,3,48,,103,,,196,,
55333,1437,Terr,55,29,2,11,406,1,49,,100,,,160,,
56146,2250,Terr,4,55,4,6,406,3,49,,115,,,204,,
56147,2251,Terr,4,54,4,6,406,2,50,,93,,,153,,
55238,1342,Terr,53,62,5,5,406,2,51,,96,,,173,,
55334,1438,Terr,55,30,2,11,406,2,54,,97,,,174,,
56148,2252,Terr,4,53,4,6,406,1,54,,109,,,209,,
55237,1341,Terr,53,61,5,5,406,1,54,,110,,,222,,
56145,2249,Terr,4,56,4,6,406,4,60,,121,,,232,,
57885,3989,Terr,31,21,6,14,406,1,24,d,52,,,78,,
59755,1763,Tete,14,30,6,3,406,2,17,,53,,,126,w,
59524,1532,Tete,12,5,4,14,406,1,20,,45,,,84,,
58612,620,Tete,5,108,2,3,406,4,21,,23,d k,,58,,
61924,3932,Tete,31,92,1,10,406,4,28,,44,,,102,,
58610,618,Tete,5,106,2,3,406,2,29,,63,,,124,,
58972,980,Tete,8,45,8,8,406,1,29,,95,,,200,,
58970,978,Tete,8,47,8,8,406,3,31,,59,,,117,,
59754,1762,Tete,14,31,6,3,406,3,31,,83,,,244,w,
59521,1529,Tete,12,8,4,14,406,4,32,,65,,,124,,
61923,3931,Tete,31,91,1,10,406,3,32,,65,,,138,,
59756,1764,Tete,14,29,6,3,406,1,34,,75,,,168,w,
58611,619,Tete,5,107,2,3,406,3,36,,54,,,83,,
61444,3452,Tete,27,124,5,2,406,4,36,,60,,,96,,
61442,3450,Tete,27,122,5,2,406,2,36,,88,,,,,
59585,1593,Tete,13,57,3,8,406,1,37,,63,,,179,,
61441,3449,Tete,27,121,5,2,406,1,39,,85,,,169,,
61443,3451,Tete,27,123,5,2,406,3,41,,52,,,110,,
59523,1531,Tete,12,6,4,14,406,2,41,,88,,,167,,
58609,617,Tete,5,105,2,3,406,1,41,,125,,,204,w,
60116,2124,Tete,17,76,7,1,406,4,44,,82,k,,,,
60114,2122,Tete,17,74,7,1,406,2,45,,116,,,161,,
59588,1596,Tete,13,60,3,8,406,4,45,,93,,,210,,
59587,1595,Tete,13,59,3,8,406,3,48,,62,k,,221,,
60113,2121,Tete,17,73,7,1,406,1,49,,94,k,,208,,
58971,979,Tete,8,46,8,8,406,2,49,,89,,,,,
61921,3929,Tete,31,89,1,10,406,1,51,,82,,,,,
58969,977,Tete,8,48,8,8,406,4,52,,108,,,,,
59586,1594,Tete,13,58,3,8,406,2,,,,,,,,
59753,1761,Tete,14,32,6,3,406,4,,,,,,,,
61922,3930,Tete,31,90,1,10,406,2,18,d,27,,,68,,
59522,1530,Tete,12,7,4,14,406,3,35,k,91,,,173,w,
60115,2123,Tete,17,75,7,1,406,3,37,t,51,,,137,,
63179,1091,Well,13,83,6,15,406,3,25,,38,,,92,,
65779,3691,Well,41,11,3,4,406,3,28,,,,,,,
63559,1471,Well,17,63,4,4,406,3,30,,54,,,131,,
65286,3198,Well,35,22,1,12,406,2,32,,46,f,,101,,
63191,1103,Well,13,95,8,5,406,3,33,,51,,,151,,
63557,1469,Well,17,61,4,4,406,1,33,,,,,,,
65287,3199,Well,35,23,1,12,406,3,34,,56,d .,,112,,
63558,1470,Well,17,62,4,4,406,2,34,,57,,,127,,
63190,1102,Well,13,94,8,5,406,2,41,,39,d .,,,,
63189,1101,Well,13,93,8,5,406,1,43,,68,,,194,,
65778,3690,Well,41,10,3,4,406,2,12,d,23,f,,63,,
65633,3545,Well,39,33,7,14,406,1,16,d,15,d f,,23,,
63180,1092,Well,13,84,6,15,406,4,19,d,,,,,,
63441,1353,Well,16,56,5,11,406,4,20,d,17,d .,,36,,
63177,1089,Well,13,81,6,15,406,1,20,d,30,,,47,,
63192,1104,Well,13,96,8,5,406,4,21,d,40,,,109,,
66402,4314,Well,48,39,2,5,406,3,21,d,,,,,,
63442,1354,Well,16,55,5,11,406,3,21,d,,,,,,
66403,4315,Well,48,38,2,5,406,2,22,d,29,f,,34,k,
65634,3546,Well,39,34,7,14,406,2,22,d,28,f,,58,,
65285,3197,Well,35,21,1,12,406,1,24,d,38,f,,92,,
65780,3692,Well,41,12,3,4,406,4,25,d,39,,,82,,
65635,3547,Well,39,35,7,14,406,3,26,d,48,,,80,,
65777,3689,Well,41,9,3,4,406,1,28,d,36,f,,75,,
66401,4313,Well,48,40,2,5,406,4,31,d,39,f,,70,,
66404,4316,Well,48,37,2,5,406,1,32,d,35,d .,,53,,
63560,1472,Well,17,64,4,4,406,4,32,d,,,,,,
65288,3200,Well,35,24,1,12,406,4,36,d,58,,,131,,
65636,3548,Well,39,36,7,14,406,4,27,t,50,,,93,,
63444,1356,Well,16,53,5,11,406,1,30,t,38,f,,39,ck,
63443,1355,Well,16,54,5,11,406,2,30,t,31,f,,72,,
63178,1090,Well,13,82,6,15,406,2,32,t,34,,,72,,
70479,3955,Whit,115,31,8,8,406,3,25,,43,,,132,1,
69789,3265,Whit,64,26,4,8,406,4,26,,40,k d,,85,1,
70478,3954,Whit,114,31,8,8,406,2,28,,41,,,74,1 k,
68291,1767,Whit,26,14,5,6,406,2,28,,38,k,,86,1,
70480,3956,Whit,116,31,8,8,406,4,28,,61,,,107,1,
69961,3437,Whit,109,27,6,4,406,1,28,,56,,,158,1,
67790,1266,Whit,15,10,2,15,406,3,30,,50,k,,128,1,
70436,3912,Whit,72,31,7,2,406,4,32,,50,k,,60,1 k,
69792,3268,Whit,61,26,4,8,406,1,32,,54,k,,86,1 k,
69558,3034,Whit,39,24,1,12,406,3,32,,71,,,193,1,
66691,167,Whit,90,2,3,10,406,2,34,,56,k,,122,1,
69791,3267,Whit,62,26,4,8,406,2,35,,68,k d,,132,1 kd,
68292,1768,Whit,25,14,5,6,406,1,35,,102,,,213,1 Tn,
66690,166,Whit,91,2,3,10,406,3,36,,70,,,101,1 kd,
69963,3439,Whit,111,27,6,4,406,3,36,,65,k,,166,1 d,
69962,3438,Whit,110,27,6,4,406,2,37,,59,k,,150,1,
70477,3953,Whit,113,31,8,8,406,1,37,,56,k,,153,1,
68290,1766,Whit,27,14,5,6,406,3,37,,64,,,165,1,
69964,3440,Whit,112,27,6,4,406,4,38,,62,k,,106,1 kd,
69790,3266,Whit,63,26,4,8,406,3,38,,52,c k,,144,1,
70434,3910,Whit,70,31,7,2,406,2,39,,46,k,,103,1 kd,
67791,1267,Whit,14,10,2,15,406,2,39,,61,,,105,1,
67789,1265,Whit,16,10,2,15,406,4,40,,51,,,97,1 kl To,
70435,3911,Whit,71,31,7,2,406,3,40,,58,k,,105,1 kl,
66689,165,Whit,92,2,3,10,406,4,42,,72,,,175,1,
67792,1268,Whit,13,10,2,15,406,1,43,,71,,,162,1,
66692,168,Whit,89,2,3,10,406,1,47,,75,,,124,1,
69557,3033,Whit,40,24,1,12,406,4,,,,,,,3,Dead
69559,3035,Whit,38,24,1,12,406,2,,,,,,,3,Dead
69560,3036,Whit,37,24,1,12,406,1,,,,,,,3,Dead
68289,1765,Whit,28,14,5,6,406,4,,,,,,,3,Dead
70433,3909,Whit,69,31,7,2,406,1,23,d,26,k d,,63,1,
